scenario,step,time,time_to_expiry,boundary_spot,exercise_node_count,strike
deep_itm_put,7,0.00875,0.99125,75.20026773986939,1,100.0
deep_itm_put,8,0.01,0.99,74.53851387387162,1,100.0
deep_itm_put,9,0.01125,0.98875,75.20026773986937,2,100.0
deep_itm_put,10,0.0125,0.9875,74.53851387387162,2,100.0
deep_itm_put,11,0.01375,0.98625,75.20026773986936,3,100.0
deep_itm_put,12,0.015,0.985,74.53851387387161,3,100.0
deep_itm_put,13,0.01625,0.98375,75.20026773986937,4,100.0
deep_itm_put,14,0.0175,0.9825,74.53851387387161,4,100.0
deep_itm_put,15,0.01875,0.98125,75.20026773986937,5,100.0
deep_itm_put,16,0.02,0.98,74.53851387387161,5,100.0
deep_itm_put,17,0.02125,0.97875,75.20026773986935,6,100.0
deep_itm_put,18,0.0225,0.9775,74.5385138738716,6,100.0
deep_itm_put,19,0.02375,0.97625,75.20026773986935,7,100.0
deep_itm_put,20,0.025,0.975,74.53851387387161,7,100.0
deep_itm_put,21,0.02625,0.97375,75.20026773986935,8,100.0
deep_itm_put,22,0.0275,0.9725,74.5385138738716,8,100.0
deep_itm_put,23,0.02875,0.97125,75.20026773986935,9,100.0
deep_itm_put,24,0.03,0.97,74.5385138738716,9,100.0
deep_itm_put,25,0.03125,0.96875,75.20026773986933,10,100.0
deep_itm_put,26,0.0325,0.9675,74.5385138738716,10,100.0
deep_itm_put,27,0.03375,0.96625,75.20026773986933,11,100.0
deep_itm_put,28,0.035,0.965,74.53851387387158,11,100.0
deep_itm_put,29,0.03625,0.96375,75.20026773986933,12,100.0
deep_itm_put,30,0.0375,0.9625,74.53851387387158,12,100.0
deep_itm_put,31,0.03875,0.96125,75.20026773986932,13,100.0
deep_itm_put,32,0.04,0.96,74.53851387387158,13,100.0
deep_itm_put,33,0.04125,0.95875,75.20026773986932,14,100.0
deep_itm_put,34,0.0425,0.9575,74.53851387387157,14,100.0
deep_itm_put,35,0.043750000000000004,0.95625,75.20026773986932,15,100.0
deep_itm_put,36,0.045,0.955,74.53851387387157,15,100.0
deep_itm_put,37,0.04625,0.95375,75.20026773986932,16,100.0
deep_itm_put,38,0.0475,0.9525,74.53851387387158,16,100.0
deep_itm_put,39,0.04875,0.95125,75.20026773986929,17,100.0
deep_itm_put,40,0.05,0.95,74.53851387387154,17,100.0
deep_itm_put,41,0.051250000000000004,0.94875,75.2002677398693,18,100.0
deep_itm_put,42,0.0525,0.9475,74.53851387387155,18,100.0
deep_itm_put,43,0.05375,0.94625,75.20026773986929,19,100.0
deep_itm_put,44,0.055,0.945,74.53851387387155,19,100.0
deep_itm_put,45,0.05625,0.94375,75.20026773986929,20,100.0
deep_itm_put,46,0.0575,0.9425,74.53851387387154,20,100.0
deep_itm_put,47,0.058750000000000004,0.94125,75.20026773986928,21,100.0
deep_itm_put,48,0.06,0.94,74.53851387387154,21,100.0
deep_itm_put,49,0.06125,0.93875,75.20026773986929,22,100.0
deep_itm_put,50,0.0625,0.9375,74.53851387387152,22,100.0
deep_itm_put,51,0.06375,0.93625,75.20026773986929,23,100.0
deep_itm_put,52,0.065,0.935,74.53851387387154,23,100.0
deep_itm_put,53,0.06625,0.93375,75.20026773986928,24,100.0
deep_itm_put,54,0.0675,0.9325,74.53851387387152,24,100.0
deep_itm_put,55,0.06875,0.93125,75.20026773986926,25,100.0
deep_itm_put,56,0.07,0.9299999999999999,74.53851387387151,25,100.0
deep_itm_put,57,0.07125000000000001,0.92875,75.20026773986925,26,100.0
deep_itm_put,58,0.0725,0.9275,74.53851387387151,26,100.0
deep_itm_put,59,0.07375,0.92625,75.20026773986926,27,100.0
deep_itm_put,60,0.075,0.925,74.53851387387151,27,100.0
deep_itm_put,61,0.07625,0.92375,75.20026773986928,28,100.0
deep_itm_put,62,0.0775,0.9225,74.53851387387151,28,100.0
deep_itm_put,63,0.07875,0.92125,75.20026773986925,29,100.0
deep_itm_put,64,0.08,0.92,74.53851387387151,29,100.0
deep_itm_put,65,0.08125,0.91875,75.20026773986925,30,100.0
deep_itm_put,66,0.0825,0.9175,74.5385138738715,30,100.0
deep_itm_put,67,0.08375,0.91625,75.20026773986926,31,100.0
deep_itm_put,68,0.085,0.915,74.5385138738715,31,100.0
deep_itm_put,69,0.08625000000000001,0.91375,75.20026773986925,32,100.0
deep_itm_put,70,0.08750000000000001,0.9125,74.53851387387148,32,100.0
deep_itm_put,71,0.08875,0.91125,75.20026773986923,33,100.0
deep_itm_put,72,0.09,0.91,74.5385138738715,33,100.0
deep_itm_put,73,0.09125,0.90875,75.20026773986922,34,100.0
deep_itm_put,74,0.0925,0.9075,74.53851387387147,34,100.0
deep_itm_put,75,0.09375,0.90625,75.20026773986923,35,100.0
deep_itm_put,76,0.095,0.905,74.53851387387148,35,100.0
deep_itm_put,77,0.09625,0.90375,75.20026773986923,36,100.0
deep_itm_put,78,0.0975,0.9025,74.53851387387147,36,100.0
deep_itm_put,79,0.09875,0.90125,75.20026773986922,37,100.0
deep_itm_put,80,0.1,0.9,74.53851387387148,37,100.0
deep_itm_put,81,0.10125,0.8987499999999999,75.2002677398692,38,100.0
deep_itm_put,82,0.10250000000000001,0.8975,74.53851387387147,38,100.0
deep_itm_put,83,0.10375000000000001,0.89625,75.20026773986922,39,100.0
deep_itm_put,84,0.105,0.895,74.53851387387147,39,100.0
deep_itm_put,85,0.10625,0.89375,75.2002677398692,40,100.0
deep_itm_put,86,0.1075,0.8925,75.86789666503307,41,100.0
deep_itm_put,87,0.10875,0.89125,75.2002677398692,41,100.0
deep_itm_put,88,0.11,0.89,75.86789666503306,42,100.0
deep_itm_put,89,0.11125,0.88875,75.20026773986919,42,100.0
deep_itm_put,90,0.1125,0.8875,75.86789666503307,43,100.0
deep_itm_put,91,0.11375,0.88625,75.2002677398692,43,100.0
deep_itm_put,92,0.115,0.885,75.86789666503304,44,100.0
deep_itm_put,93,0.11625,0.88375,75.20026773986919,44,100.0
deep_itm_put,94,0.11750000000000001,0.8825,75.86789666503304,45,100.0
deep_itm_put,95,0.11875000000000001,0.88125,75.20026773986919,45,100.0
deep_itm_put,96,0.12,0.88,75.86789666503303,46,100.0
deep_itm_put,97,0.12125,0.87875,75.20026773986918,46,100.0
deep_itm_put,98,0.1225,0.8775,75.86789666503304,47,100.0
deep_itm_put,99,0.12375,0.87625,75.20026773986919,47,100.0
deep_itm_put,100,0.125,0.875,75.86789666503303,48,100.0
deep_itm_put,101,0.12625,0.87375,75.20026773986916,48,100.0
deep_itm_put,102,0.1275,0.8725,75.86789666503303,49,100.0
deep_itm_put,103,0.12875,0.87125,75.20026773986918,49,100.0
deep_itm_put,104,0.13,0.87,75.86789666503303,50,100.0
deep_itm_put,105,0.13125,0.86875,75.20026773986916,50,100.0
deep_itm_put,106,0.1325,0.8674999999999999,75.86789666503303,51,100.0
deep_itm_put,107,0.13375,0.86625,75.20026773986918,51,100.0
deep_itm_put,108,0.135,0.865,75.86789666503302,52,100.0
deep_itm_put,109,0.13625,0.86375,75.20026773986916,52,100.0
deep_itm_put,110,0.1375,0.8625,75.867896665033,53,100.0
deep_itm_put,111,0.13875,0.86125,75.20026773986915,53,100.0
deep_itm_put,112,0.14,0.86,75.867896665033,54,100.0
deep_itm_put,113,0.14125000000000001,0.85875,75.20026773986913,54,100.0
deep_itm_put,114,0.14250000000000002,0.8574999999999999,75.86789666503299,55,100.0
deep_itm_put,115,0.14375000000000002,0.85625,75.20026773986913,55,100.0
deep_itm_put,116,0.145,0.855,75.86789666503299,56,100.0
deep_itm_put,117,0.14625,0.85375,75.20026773986913,56,100.0
deep_itm_put,118,0.1475,0.8525,75.867896665033,57,100.0
deep_itm_put,119,0.14875,0.8512500000000001,75.20026773986913,57,100.0
deep_itm_put,120,0.15,0.85,75.86789666503297,58,100.0
deep_itm_put,121,0.15125,0.84875,75.20026773986913,58,100.0
deep_itm_put,122,0.1525,0.8475,75.86789666503299,59,100.0
deep_itm_put,123,0.15375,0.84625,75.20026773986912,59,100.0
deep_itm_put,124,0.155,0.845,75.86789666503297,60,100.0
deep_itm_put,125,0.15625,0.84375,75.20026773986912,60,100.0
deep_itm_put,126,0.1575,0.8425,75.86789666503297,61,100.0
deep_itm_put,127,0.15875,0.84125,75.20026773986912,61,100.0
deep_itm_put,128,0.16,0.84,75.86789666503297,62,100.0
deep_itm_put,129,0.16125,0.83875,75.2002677398691,62,100.0
deep_itm_put,130,0.1625,0.8375,75.86789666503297,63,100.0
deep_itm_put,131,0.16375,0.8362499999999999,75.2002677398691,63,100.0
deep_itm_put,132,0.165,0.835,75.86789666503296,64,100.0
deep_itm_put,133,0.16625,0.83375,75.2002677398691,64,100.0
deep_itm_put,134,0.1675,0.8325,75.86789666503296,65,100.0
deep_itm_put,135,0.16875,0.83125,75.20026773986909,65,100.0
deep_itm_put,136,0.17,0.83,75.86789666503296,66,100.0
deep_itm_put,137,0.17125,0.82875,75.2002677398691,66,100.0
deep_itm_put,138,0.17250000000000001,0.8275,75.86789666503296,67,100.0
deep_itm_put,139,0.17375000000000002,0.8262499999999999,75.20026773986909,67,100.0
deep_itm_put,140,0.17500000000000002,0.825,75.86789666503294,68,100.0
deep_itm_put,141,0.17625,0.82375,75.20026773986909,68,100.0
deep_itm_put,142,0.1775,0.8225,75.86789666503293,69,100.0
deep_itm_put,143,0.17875,0.82125,75.20026773986908,69,100.0
deep_itm_put,144,0.18,0.8200000000000001,75.86789666503294,70,100.0
deep_itm_put,145,0.18125,0.81875,75.20026773986908,70,100.0
deep_itm_put,146,0.1825,0.8175,75.86789666503293,71,100.0
deep_itm_put,147,0.18375,0.81625,75.20026773986908,71,100.0
deep_itm_put,148,0.185,0.815,75.86789666503292,72,100.0
deep_itm_put,149,0.18625,0.81375,75.20026773986908,72,100.0
deep_itm_put,150,0.1875,0.8125,75.86789666503293,73,100.0
deep_itm_put,151,0.18875,0.81125,75.20026773986906,73,100.0
deep_itm_put,152,0.19,0.81,75.86789666503292,74,100.0
deep_itm_put,153,0.19125,0.80875,75.20026773986906,74,100.0
deep_itm_put,154,0.1925,0.8075,75.86789666503293,75,100.0
deep_itm_put,155,0.19375,0.80625,75.20026773986905,75,100.0
deep_itm_put,156,0.195,0.8049999999999999,75.86789666503292,76,100.0
deep_itm_put,157,0.19625,0.80375,75.20026773986905,76,100.0
deep_itm_put,158,0.1975,0.8025,75.8678966650329,77,100.0
deep_itm_put,159,0.19875,0.80125,75.20026773986905,77,100.0
deep_itm_put,160,0.2,0.8,75.8678966650329,78,100.0
deep_itm_put,161,0.20125,0.79875,75.20026773986903,78,100.0
deep_itm_put,162,0.2025,0.7975,75.86789666503289,79,100.0
deep_itm_put,163,0.20375000000000001,0.79625,76.54145280821221,80,100.0
deep_itm_put,164,0.20500000000000002,0.7949999999999999,75.8678966650329,80,100.0
deep_itm_put,165,0.20625000000000002,0.79375,76.54145280821221,81,100.0
deep_itm_put,166,0.20750000000000002,0.7925,75.8678966650329,81,100.0
deep_itm_put,167,0.20875,0.79125,76.5414528082122,82,100.0
deep_itm_put,168,0.21,0.79,75.86789666503289,82,100.0
deep_itm_put,169,0.21125,0.7887500000000001,76.54145280821218,83,100.0
deep_itm_put,170,0.2125,0.7875,75.86789666503289,83,100.0
deep_itm_put,171,0.21375,0.78625,76.54145280821218,84,100.0
deep_itm_put,172,0.215,0.785,75.86789666503287,84,100.0
deep_itm_put,173,0.21625,0.78375,76.54145280821218,85,100.0
deep_itm_put,174,0.2175,0.7825,75.86789666503286,85,100.0
deep_itm_put,175,0.21875,0.78125,76.54145280821218,86,100.0
deep_itm_put,176,0.22,0.78,75.86789666503286,86,100.0
deep_itm_put,177,0.22125,0.77875,76.54145280821218,87,100.0
deep_itm_put,178,0.2225,0.7775,75.86789666503286,87,100.0
deep_itm_put,179,0.22375,0.77625,76.54145280821217,88,100.0
deep_itm_put,180,0.225,0.775,75.86789666503286,88,100.0
deep_itm_put,181,0.22625,0.7737499999999999,76.54145280821217,89,100.0
deep_itm_put,182,0.2275,0.7725,75.86789666503286,89,100.0
deep_itm_put,183,0.22875,0.77125,76.54145280821216,90,100.0
deep_itm_put,184,0.23,0.77,75.86789666503284,90,100.0
deep_itm_put,185,0.23125,0.76875,76.54145280821217,91,100.0
deep_itm_put,186,0.2325,0.7675,75.86789666503284,91,100.0
deep_itm_put,187,0.23375,0.76625,76.54145280821216,92,100.0
deep_itm_put,188,0.23500000000000001,0.765,75.86789666503284,92,100.0
deep_itm_put,189,0.23625000000000002,0.7637499999999999,76.54145280821216,93,100.0
deep_itm_put,190,0.23750000000000002,0.7625,75.86789666503283,93,100.0
deep_itm_put,191,0.23875000000000002,0.76125,76.54145280821216,94,100.0
deep_itm_put,192,0.24,0.76,75.86789666503283,94,100.0
deep_itm_put,193,0.24125,0.75875,76.54145280821214,95,100.0
deep_itm_put,194,0.2425,0.7575000000000001,75.86789666503282,95,100.0
deep_itm_put,195,0.24375,0.75625,76.54145280821214,96,100.0
deep_itm_put,196,0.245,0.755,75.8678966650328,96,100.0
deep_itm_put,197,0.24625,0.75375,76.54145280821213,97,100.0
deep_itm_put,198,0.2475,0.7525,75.86789666503282,97,100.0
deep_itm_put,199,0.24875,0.75125,76.54145280821214,98,100.0
deep_itm_put,200,0.25,0.75,75.86789666503282,98,100.0
deep_itm_put,201,0.25125000000000003,0.74875,76.54145280821213,99,100.0
deep_itm_put,202,0.2525,0.7475,75.8678966650328,99,100.0
deep_itm_put,203,0.25375000000000003,0.74625,76.54145280821211,100,100.0
deep_itm_put,204,0.255,0.745,75.86789666503279,100,100.0
deep_itm_put,205,0.25625,0.74375,76.54145280821213,101,100.0
deep_itm_put,206,0.2575,0.7424999999999999,75.8678966650328,101,100.0
deep_itm_put,207,0.25875,0.74125,76.5414528082121,102,100.0
deep_itm_put,208,0.26,0.74,75.86789666503279,102,100.0
deep_itm_put,209,0.26125,0.73875,76.54145280821211,103,100.0
deep_itm_put,210,0.2625,0.7375,75.86789666503279,103,100.0
deep_itm_put,211,0.26375,0.7362500000000001,76.5414528082121,104,100.0
deep_itm_put,212,0.265,0.735,75.86789666503277,104,100.0
deep_itm_put,213,0.26625,0.73375,76.5414528082121,105,100.0
deep_itm_put,214,0.2675,0.7324999999999999,75.86789666503277,105,100.0
deep_itm_put,215,0.26875,0.73125,76.5414528082121,106,100.0
deep_itm_put,216,0.27,0.73,75.86789666503277,106,100.0
deep_itm_put,217,0.27125,0.72875,76.5414528082121,107,100.0
deep_itm_put,218,0.2725,0.7275,75.86789666503277,107,100.0
deep_itm_put,219,0.27375,0.7262500000000001,76.5414528082121,108,100.0
deep_itm_put,220,0.275,0.725,75.86789666503277,108,100.0
deep_itm_put,221,0.27625,0.72375,76.54145280821209,109,100.0
deep_itm_put,222,0.2775,0.7224999999999999,75.86789666503276,109,100.0
deep_itm_put,223,0.27875,0.72125,76.54145280821207,110,100.0
deep_itm_put,224,0.28,0.72,75.86789666503276,110,100.0
deep_itm_put,225,0.28125,0.71875,76.54145280821207,111,100.0
deep_itm_put,226,0.28250000000000003,0.7175,75.86789666503275,111,100.0
deep_itm_put,227,0.28375,0.71625,76.54145280821207,112,100.0
deep_itm_put,228,0.28500000000000003,0.715,75.86789666503275,112,100.0
deep_itm_put,229,0.28625,0.71375,76.54145280821206,113,100.0
deep_itm_put,230,0.28750000000000003,0.7124999999999999,75.86789666503276,113,100.0
deep_itm_put,231,0.28875,0.7112499999999999,76.54145280821206,114,100.0
deep_itm_put,232,0.29,0.71,77.22098879132312,115,100.0
deep_itm_put,233,0.29125,0.70875,76.54145280821206,115,100.0
deep_itm_put,234,0.2925,0.7075,77.2209887913231,116,100.0
deep_itm_put,235,0.29375,0.70625,76.54145280821206,116,100.0
deep_itm_put,236,0.295,0.7050000000000001,77.22098879132311,117,100.0
deep_itm_put,237,0.29625,0.70375,76.54145280821204,117,100.0
deep_itm_put,238,0.2975,0.7025,77.22098879132311,118,100.0
deep_itm_put,239,0.29875,0.7012499999999999,76.54145280821204,118,100.0
deep_itm_put,240,0.3,0.7,77.2209887913231,119,100.0
deep_itm_put,241,0.30125,0.69875,76.54145280821203,119,100.0
deep_itm_put,242,0.3025,0.6975,77.2209887913231,120,100.0
deep_itm_put,243,0.30375,0.69625,76.54145280821203,120,100.0
deep_itm_put,244,0.305,0.6950000000000001,77.2209887913231,121,100.0
deep_itm_put,245,0.30625,0.69375,76.54145280821203,121,100.0
deep_itm_put,246,0.3075,0.6925,77.2209887913231,122,100.0
deep_itm_put,247,0.30875,0.6912499999999999,76.54145280821203,122,100.0
deep_itm_put,248,0.31,0.69,77.22098879132308,123,100.0
deep_itm_put,249,0.31125,0.68875,76.54145280821203,123,100.0
deep_itm_put,250,0.3125,0.6875,77.22098879132308,124,100.0
deep_itm_put,251,0.31375000000000003,0.68625,76.54145280821203,124,100.0
deep_itm_put,252,0.315,0.685,77.22098879132308,125,100.0
deep_itm_put,253,0.31625000000000003,0.68375,76.541452808212,125,100.0
deep_itm_put,254,0.3175,0.6825,77.22098879132307,126,100.0
deep_itm_put,255,0.31875000000000003,0.6812499999999999,76.54145280821201,126,100.0
deep_itm_put,256,0.32,0.6799999999999999,77.22098879132307,127,100.0
deep_itm_put,257,0.32125,0.67875,76.541452808212,127,100.0
deep_itm_put,258,0.3225,0.6775,77.22098879132305,128,100.0
deep_itm_put,259,0.32375,0.67625,76.541452808212,128,100.0
deep_itm_put,260,0.325,0.675,77.22098879132305,129,100.0
deep_itm_put,261,0.32625,0.6737500000000001,76.541452808212,129,100.0
deep_itm_put,262,0.3275,0.6725,77.22098879132304,130,100.0
deep_itm_put,263,0.32875,0.67125,76.54145280821199,130,100.0
deep_itm_put,264,0.33,0.6699999999999999,77.22098879132304,131,100.0
deep_itm_put,265,0.33125,0.66875,76.54145280821199,131,100.0
deep_itm_put,266,0.3325,0.6675,77.22098879132304,132,100.0
deep_itm_put,267,0.33375,0.66625,76.54145280821199,132,100.0
deep_itm_put,268,0.335,0.665,77.22098879132302,133,100.0
deep_itm_put,269,0.33625,0.6637500000000001,76.54145280821197,133,100.0
deep_itm_put,270,0.3375,0.6625,77.22098879132304,134,100.0
deep_itm_put,271,0.33875,0.66125,76.54145280821197,134,100.0
deep_itm_put,272,0.34,0.6599999999999999,77.22098879132304,135,100.0
deep_itm_put,273,0.34125,0.65875,76.54145280821197,135,100.0
deep_itm_put,274,0.3425,0.6575,77.22098879132302,136,100.0
deep_itm_put,275,0.34375,0.65625,76.54145280821196,136,100.0
deep_itm_put,276,0.34500000000000003,0.655,77.22098879132301,137,100.0
deep_itm_put,277,0.34625,0.65375,76.54145280821194,137,100.0
deep_itm_put,278,0.34750000000000003,0.6525,77.22098879132301,138,100.0
deep_itm_put,279,0.34875,0.65125,76.54145280821194,138,100.0
deep_itm_put,280,0.35000000000000003,0.6499999999999999,77.22098879132301,139,100.0
deep_itm_put,281,0.35125,0.6487499999999999,76.54145280821194,139,100.0
deep_itm_put,282,0.3525,0.6475,77.220988791323,140,100.0
deep_itm_put,283,0.35375,0.64625,76.54145280821194,140,100.0
deep_itm_put,284,0.355,0.645,77.22098879132301,141,100.0
deep_itm_put,285,0.35625,0.64375,76.54145280821194,141,100.0
deep_itm_put,286,0.3575,0.6425000000000001,77.220988791323,142,100.0
deep_itm_put,287,0.35875,0.64125,76.54145280821194,142,100.0
deep_itm_put,288,0.36,0.64,77.220988791323,143,100.0
deep_itm_put,289,0.36125,0.6387499999999999,76.54145280821193,143,100.0
deep_itm_put,290,0.3625,0.6375,77.22098879132298,144,100.0
deep_itm_put,291,0.36375,0.63625,76.54145280821193,144,100.0
deep_itm_put,292,0.365,0.635,77.220988791323,145,100.0
deep_itm_put,293,0.36625,0.63375,76.54145280821193,145,100.0
deep_itm_put,294,0.3675,0.6325000000000001,77.22098879132298,146,100.0
deep_itm_put,295,0.36875,0.63125,77.9065577034601,147,100.0
deep_itm_put,296,0.37,0.63,77.22098879132298,147,100.0
deep_itm_put,297,0.37125,0.6287499999999999,77.90655770346008,148,100.0
deep_itm_put,298,0.3725,0.6275,77.22098879132297,148,100.0
deep_itm_put,299,0.37375,0.62625,77.90655770346007,149,100.0
deep_itm_put,300,0.375,0.625,77.22098879132295,149,100.0
deep_itm_put,301,0.37625000000000003,0.62375,77.90655770346008,150,100.0
deep_itm_put,302,0.3775,0.6225,77.22098879132297,150,100.0
deep_itm_put,303,0.37875000000000003,0.62125,77.90655770346007,151,100.0
deep_itm_put,304,0.38,0.62,77.22098879132295,151,100.0
deep_itm_put,305,0.38125000000000003,0.6187499999999999,77.90655770346007,152,100.0
deep_itm_put,306,0.3825,0.6174999999999999,77.22098879132295,152,100.0
deep_itm_put,307,0.38375000000000004,0.61625,77.90655770346005,153,100.0
deep_itm_put,308,0.385,0.615,77.22098879132295,153,100.0
deep_itm_put,309,0.38625,0.61375,77.90655770346005,154,100.0
deep_itm_put,310,0.3875,0.6125,77.22098879132294,154,100.0
deep_itm_put,311,0.38875,0.6112500000000001,77.90655770346004,155,100.0
deep_itm_put,312,0.39,0.61,77.22098879132294,155,100.0
deep_itm_put,313,0.39125,0.60875,77.90655770346005,156,100.0
deep_itm_put,314,0.3925,0.6074999999999999,77.22098879132294,156,100.0
deep_itm_put,315,0.39375,0.60625,77.90655770346004,157,100.0
deep_itm_put,316,0.395,0.605,77.22098879132294,157,100.0
deep_itm_put,317,0.39625,0.60375,77.90655770346002,158,100.0
deep_itm_put,318,0.3975,0.6025,77.22098879132292,158,100.0
deep_itm_put,319,0.39875,0.6012500000000001,77.90655770346004,159,100.0
deep_itm_put,320,0.4,0.6,77.22098879132292,159,100.0
deep_itm_put,321,0.40125,0.59875,77.90655770346001,160,100.0
deep_itm_put,322,0.4025,0.5974999999999999,77.22098879132291,160,100.0
deep_itm_put,323,0.40375,0.59625,77.90655770346002,161,100.0
deep_itm_put,324,0.405,0.595,77.22098879132291,161,100.0
deep_itm_put,325,0.40625,0.59375,77.90655770346002,162,100.0
deep_itm_put,326,0.40750000000000003,0.5925,77.22098879132291,162,100.0
deep_itm_put,327,0.40875,0.59125,77.90655770346,163,100.0
deep_itm_put,328,0.41000000000000003,0.59,77.2209887913229,163,100.0
deep_itm_put,329,0.41125,0.58875,77.90655770346,164,100.0
deep_itm_put,330,0.41250000000000003,0.5874999999999999,77.22098879132288,164,100.0
deep_itm_put,331,0.41375,0.5862499999999999,77.90655770346001,165,100.0
deep_itm_put,332,0.41500000000000004,0.585,77.22098879132288,165,100.0
deep_itm_put,333,0.41625,0.58375,77.90655770346,166,100.0
deep_itm_put,334,0.4175,0.5825,77.22098879132287,166,100.0
deep_itm_put,335,0.41875,0.58125,77.90655770346,167,100.0
deep_itm_put,336,0.42,0.5800000000000001,77.22098879132288,167,100.0
deep_itm_put,337,0.42125,0.57875,77.90655770345998,168,100.0
deep_itm_put,338,0.4225,0.5775,77.22098879132288,168,100.0
deep_itm_put,339,0.42375,0.5762499999999999,77.90655770345998,169,100.0
deep_itm_put,340,0.425,0.575,77.22098879132288,169,100.0
deep_itm_put,341,0.42625,0.57375,77.90655770345997,170,100.0
deep_itm_put,342,0.4275,0.5725,77.22098879132287,170,100.0
deep_itm_put,343,0.42875,0.57125,77.90655770345997,171,100.0
deep_itm_put,344,0.43,0.5700000000000001,77.22098879132287,171,100.0
deep_itm_put,345,0.43125,0.56875,77.90655770345997,172,100.0
deep_itm_put,346,0.4325,0.5675,77.22098879132285,172,100.0
deep_itm_put,347,0.43375,0.5662499999999999,77.90655770345997,173,100.0
deep_itm_put,348,0.435,0.565,77.22098879132285,173,100.0
deep_itm_put,349,0.43625,0.56375,77.90655770345997,174,100.0
deep_itm_put,350,0.4375,0.5625,77.22098879132285,174,100.0
deep_itm_put,351,0.43875000000000003,0.56125,77.90655770345995,175,100.0
deep_itm_put,352,0.44,0.56,78.59821310504307,176,100.0
deep_itm_put,353,0.44125000000000003,0.55875,77.90655770345995,176,100.0
deep_itm_put,354,0.4425,0.5575,78.59821310504307,177,100.0
deep_itm_put,355,0.44375000000000003,0.5562499999999999,77.90655770345994,177,100.0
deep_itm_put,356,0.445,0.5549999999999999,78.59821310504307,178,100.0
deep_itm_put,357,0.44625000000000004,0.55375,77.90655770345994,178,100.0
deep_itm_put,358,0.4475,0.5525,78.59821310504307,179,100.0
deep_itm_put,359,0.44875,0.55125,77.90655770345994,179,100.0
deep_itm_put,360,0.45,0.55,78.59821310504306,180,100.0
deep_itm_put,361,0.45125,0.5487500000000001,77.90655770345994,180,100.0
deep_itm_put,362,0.4525,0.5475,78.59821310504304,181,100.0
deep_itm_put,363,0.45375,0.54625,77.90655770345994,181,100.0
deep_itm_put,364,0.455,0.5449999999999999,78.59821310504304,182,100.0
deep_itm_put,365,0.45625,0.54375,77.90655770345992,182,100.0
deep_itm_put,366,0.4575,0.5425,78.59821310504304,183,100.0
deep_itm_put,367,0.45875,0.54125,77.90655770345992,183,100.0
deep_itm_put,368,0.46,0.54,78.59821310504304,184,100.0
deep_itm_put,369,0.46125,0.5387500000000001,77.90655770345991,184,100.0
deep_itm_put,370,0.4625,0.5375,78.59821310504303,185,100.0
deep_itm_put,371,0.46375,0.53625,77.9065577034599,185,100.0
deep_itm_put,372,0.465,0.5349999999999999,78.59821310504302,186,100.0
deep_itm_put,373,0.46625,0.53375,77.9065577034599,186,100.0
deep_itm_put,374,0.4675,0.5325,78.59821310504302,187,100.0
deep_itm_put,375,0.46875,0.53125,77.9065577034599,187,100.0
deep_itm_put,376,0.47000000000000003,0.53,78.598213105043,188,100.0
deep_itm_put,377,0.47125,0.52875,77.9065577034599,188,100.0
deep_itm_put,378,0.47250000000000003,0.5275,78.598213105043,189,100.0
deep_itm_put,379,0.47375,0.52625,77.9065577034599,189,100.0
deep_itm_put,380,0.47500000000000003,0.5249999999999999,78.59821310504302,190,100.0
deep_itm_put,381,0.47625,0.5237499999999999,77.9065577034599,190,100.0
deep_itm_put,382,0.47750000000000004,0.5225,78.59821310504302,191,100.0
deep_itm_put,383,0.47875,0.52125,77.90655770345988,191,100.0
deep_itm_put,384,0.48,0.52,78.598213105043,192,100.0
deep_itm_put,385,0.48125,0.51875,77.90655770345988,192,100.0
deep_itm_put,386,0.4825,0.5175000000000001,78.59821310504299,193,100.0
deep_itm_put,387,0.48375,0.51625,77.90655770345988,193,100.0
deep_itm_put,388,0.485,0.515,78.59821310504299,194,100.0
deep_itm_put,389,0.48625,0.5137499999999999,77.90655770345985,194,100.0
deep_itm_put,390,0.4875,0.5125,78.59821310504297,195,100.0
deep_itm_put,391,0.48875,0.51125,77.90655770345985,195,100.0
deep_itm_put,392,0.49,0.51,78.59821310504297,196,100.0
deep_itm_put,393,0.49125,0.50875,77.90655770345985,196,100.0
deep_itm_put,394,0.4925,0.5075000000000001,78.59821310504296,197,100.0
deep_itm_put,395,0.49375,0.50625,77.90655770345985,197,100.0
deep_itm_put,396,0.495,0.505,78.59821310504297,198,100.0
deep_itm_put,397,0.49625,0.5037499999999999,77.90655770345985,198,100.0
deep_itm_put,398,0.4975,0.5025,78.59821310504296,199,100.0
deep_itm_put,399,0.49875,0.50125,77.90655770345985,199,100.0
deep_itm_put,400,0.5,0.5,78.59821310504296,200,100.0
deep_itm_put,401,0.50125,0.49875,77.90655770345982,200,100.0
deep_itm_put,402,0.5025000000000001,0.49749999999999994,78.59821310504296,201,100.0
deep_itm_put,403,0.50375,0.49624999999999997,79.29600903200215,202,100.0
deep_itm_put,404,0.505,0.495,78.59821310504296,202,100.0
deep_itm_put,405,0.50625,0.49375,79.29600903200212,203,100.0
deep_itm_put,406,0.5075000000000001,0.49249999999999994,78.59821310504294,203,100.0
deep_itm_put,407,0.50875,0.49124999999999996,79.29600903200212,204,100.0
deep_itm_put,408,0.51,0.49,78.59821310504293,204,100.0
deep_itm_put,409,0.51125,0.48875,79.2960090320021,205,100.0
deep_itm_put,410,0.5125,0.48750000000000004,78.59821310504293,205,100.0
deep_itm_put,411,0.51375,0.48624999999999996,79.2960090320021,206,100.0
deep_itm_put,412,0.515,0.485,78.59821310504293,206,100.0
deep_itm_put,413,0.51625,0.48375,79.2960090320021,207,100.0
deep_itm_put,414,0.5175,0.48250000000000004,78.59821310504293,207,100.0
deep_itm_put,415,0.51875,0.48124999999999996,79.2960090320021,208,100.0
deep_itm_put,416,0.52,0.48,78.59821310504293,208,100.0
deep_itm_put,417,0.52125,0.47875,79.29600903200209,209,100.0
deep_itm_put,418,0.5225,0.47750000000000004,78.59821310504292,209,100.0
deep_itm_put,419,0.52375,0.47624999999999995,79.29600903200209,210,100.0
deep_itm_put,420,0.525,0.475,78.59821310504292,210,100.0
deep_itm_put,421,0.52625,0.47375,79.29600903200209,211,100.0
deep_itm_put,422,0.5275,0.47250000000000003,78.59821310504292,211,100.0
deep_itm_put,423,0.52875,0.47124999999999995,79.29600903200208,212,100.0
deep_itm_put,424,0.53,0.47,78.5982131050429,212,100.0
deep_itm_put,425,0.53125,0.46875,79.29600903200208,213,100.0
deep_itm_put,426,0.5325,0.4675,78.5982131050429,213,100.0
deep_itm_put,427,0.5337500000000001,0.46624999999999994,79.29600903200206,214,100.0
deep_itm_put,428,0.535,0.46499999999999997,78.59821310504289,214,100.0
deep_itm_put,429,0.53625,0.46375,79.29600903200206,215,100.0
deep_itm_put,430,0.5375,0.4625,78.59821310504289,215,100.0
deep_itm_put,431,0.5387500000000001,0.46124999999999994,79.29600903200205,216,100.0
deep_itm_put,432,0.54,0.45999999999999996,78.59821310504289,216,100.0
deep_itm_put,433,0.54125,0.45875,79.29600903200206,217,100.0
deep_itm_put,434,0.5425,0.4575,78.59821310504289,217,100.0
deep_itm_put,435,0.5437500000000001,0.45624999999999993,79.29600903200205,218,100.0
deep_itm_put,436,0.545,0.45499999999999996,78.59821310504289,218,100.0
deep_itm_put,437,0.54625,0.45375,79.29600903200205,219,100.0
deep_itm_put,438,0.5475,0.4525,78.59821310504289,219,100.0
deep_itm_put,439,0.54875,0.45125000000000004,79.29600903200205,220,100.0
deep_itm_put,440,0.55,0.44999999999999996,78.59821310504287,220,100.0
deep_itm_put,441,0.55125,0.44875,79.29600903200203,221,100.0
deep_itm_put,442,0.5525,0.4475,78.59821310504286,221,100.0
deep_itm_put,443,0.55375,0.44625000000000004,79.29600903200203,222,100.0
deep_itm_put,444,0.555,0.44499999999999995,78.59821310504286,222,100.0
deep_itm_put,445,0.55625,0.44375,79.29600903200202,223,100.0
deep_itm_put,446,0.5575,0.4425,78.59821310504286,223,100.0
deep_itm_put,447,0.55875,0.44125000000000003,79.29600903200202,224,100.0
deep_itm_put,448,0.56,0.43999999999999995,78.59821310504286,224,100.0
deep_itm_put,449,0.56125,0.43875,79.29600903200202,225,100.0
deep_itm_put,450,0.5625,0.4375,79.99999999999896,226,100.0
deep_itm_put,451,0.56375,0.43625,79.296009032002,226,100.0
deep_itm_put,452,0.5650000000000001,0.43499999999999994,79.99999999999895,227,100.0
deep_itm_put,453,0.56625,0.43374999999999997,79.296009032002,227,100.0
deep_itm_put,454,0.5675,0.4325,79.99999999999893,228,100.0
deep_itm_put,455,0.56875,0.43125,79.296009032002,228,100.0
deep_itm_put,456,0.5700000000000001,0.42999999999999994,79.99999999999895,229,100.0
deep_itm_put,457,0.57125,0.42874999999999996,79.296009032002,229,100.0
deep_itm_put,458,0.5725,0.4275,79.99999999999893,230,100.0
deep_itm_put,459,0.57375,0.42625,79.29600903200198,230,100.0
deep_itm_put,460,0.5750000000000001,0.42499999999999993,79.99999999999892,231,100.0
deep_itm_put,461,0.57625,0.42374999999999996,79.29600903200198,231,100.0
deep_itm_put,462,0.5775,0.4225,79.99999999999892,232,100.0
deep_itm_put,463,0.57875,0.42125,79.29600903200199,232,100.0
deep_itm_put,464,0.58,0.42000000000000004,79.9999999999989,233,100.0
deep_itm_put,465,0.58125,0.41874999999999996,79.29600903200198,233,100.0
deep_itm_put,466,0.5825,0.4175,79.9999999999989,234,100.0
deep_itm_put,467,0.58375,0.41625,79.29600903200198,234,100.0
deep_itm_put,468,0.585,0.41500000000000004,79.9999999999989,235,100.0
deep_itm_put,469,0.58625,0.41374999999999995,79.29600903200196,235,100.0
deep_itm_put,470,0.5875,0.4125,79.9999999999989,236,100.0
deep_itm_put,471,0.58875,0.41125,79.29600903200196,236,100.0
deep_itm_put,472,0.59,0.41000000000000003,79.9999999999989,237,100.0
deep_itm_put,473,0.59125,0.40874999999999995,79.29600903200196,237,100.0
deep_itm_put,474,0.5925,0.4075,79.9999999999989,238,100.0
deep_itm_put,475,0.59375,0.40625,79.29600903200195,238,100.0
deep_itm_put,476,0.595,0.405,79.99999999999889,239,100.0
deep_itm_put,477,0.5962500000000001,0.40374999999999994,79.29600903200196,239,100.0
deep_itm_put,478,0.5975,0.40249999999999997,79.99999999999889,240,100.0
deep_itm_put,479,0.59875,0.40125,79.29600903200195,240,100.0
deep_itm_put,480,0.6,0.4,79.99999999999886,241,100.0
deep_itm_put,481,0.6012500000000001,0.39874999999999994,79.29600903200195,241,100.0
deep_itm_put,482,0.6025,0.39749999999999996,79.99999999999888,242,100.0
deep_itm_put,483,0.60375,0.39625,79.29600903200195,242,100.0
deep_itm_put,484,0.605,0.395,79.99999999999888,243,100.0
deep_itm_put,485,0.6062500000000001,0.39374999999999993,79.29600903200193,243,100.0
deep_itm_put,486,0.6075,0.39249999999999996,79.99999999999886,244,100.0
deep_itm_put,487,0.60875,0.39125,79.29600903200193,244,100.0
deep_itm_put,488,0.61,0.39,79.99999999999886,245,100.0
deep_itm_put,489,0.61125,0.38875000000000004,79.29600903200193,245,100.0
deep_itm_put,490,0.6125,0.38749999999999996,79.99999999999886,246,100.0
deep_itm_put,491,0.61375,0.38625,80.71024100868601,247,100.0
deep_itm_put,492,0.615,0.385,79.99999999999885,247,100.0
deep_itm_put,493,0.61625,0.38375000000000004,80.71024100868597,248,100.0
deep_itm_put,494,0.6175,0.38249999999999995,79.99999999999885,248,100.0
deep_itm_put,495,0.61875,0.38125,80.71024100868598,249,100.0
deep_itm_put,496,0.62,0.38,79.99999999999885,249,100.0
deep_itm_put,497,0.62125,0.37875000000000003,80.71024100868597,250,100.0
deep_itm_put,498,0.6225,0.37749999999999995,79.99999999999883,250,100.0
deep_itm_put,499,0.62375,0.37625,80.71024100868597,251,100.0
deep_itm_put,500,0.625,0.375,79.99999999999882,251,100.0
deep_itm_put,501,0.62625,0.37375,80.71024100868597,252,100.0
deep_itm_put,502,0.6275000000000001,0.37249999999999994,79.99999999999882,252,100.0
deep_itm_put,503,0.62875,0.37124999999999997,80.71024100868595,253,100.0
deep_itm_put,504,0.63,0.37,79.9999999999988,253,100.0
deep_itm_put,505,0.63125,0.36875,80.71024100868595,254,100.0
deep_itm_put,506,0.6325000000000001,0.36749999999999994,79.9999999999988,254,100.0
deep_itm_put,507,0.63375,0.36624999999999996,80.71024100868595,255,100.0
deep_itm_put,508,0.635,0.365,79.9999999999988,255,100.0
deep_itm_put,509,0.63625,0.36375,80.71024100868595,256,100.0
deep_itm_put,510,0.6375000000000001,0.36249999999999993,79.9999999999988,256,100.0
deep_itm_put,511,0.63875,0.36124999999999996,80.71024100868595,257,100.0
deep_itm_put,512,0.64,0.36,79.9999999999988,257,100.0
deep_itm_put,513,0.64125,0.35875,80.71024100868594,258,100.0
deep_itm_put,514,0.6425,0.35750000000000004,79.99999999999879,258,100.0
deep_itm_put,515,0.64375,0.35624999999999996,80.71024100868593,259,100.0
deep_itm_put,516,0.645,0.355,79.99999999999879,259,100.0
deep_itm_put,517,0.64625,0.35375,80.71024100868593,260,100.0
deep_itm_put,518,0.6475,0.35250000000000004,79.99999999999878,260,100.0
deep_itm_put,519,0.64875,0.35124999999999995,80.71024100868591,261,100.0
deep_itm_put,520,0.65,0.35,79.99999999999879,261,100.0
deep_itm_put,521,0.65125,0.34875,80.71024100868593,262,100.0
deep_itm_put,522,0.6525,0.34750000000000003,79.99999999999878,262,100.0
deep_itm_put,523,0.65375,0.34624999999999995,80.71024100868593,263,100.0
deep_itm_put,524,0.655,0.345,79.99999999999878,263,100.0
deep_itm_put,525,0.65625,0.34375,80.71024100868591,264,100.0
deep_itm_put,526,0.6575,0.3425,79.99999999999876,264,100.0
deep_itm_put,527,0.6587500000000001,0.34124999999999994,80.7102410086859,265,100.0
deep_itm_put,528,0.66,0.33999999999999997,81.42678754600333,266,100.0
deep_itm_put,529,0.66125,0.33875,80.7102410086859,266,100.0
deep_itm_put,530,0.6625,0.3375,81.4267875460033,267,100.0
deep_itm_put,531,0.6637500000000001,0.33624999999999994,80.7102410086859,267,100.0
deep_itm_put,532,0.665,0.33499999999999996,81.42678754600331,268,100.0
deep_itm_put,533,0.66625,0.33375,80.7102410086859,268,100.0
deep_itm_put,534,0.6675,0.3325,81.4267875460033,269,100.0
deep_itm_put,535,0.6687500000000001,0.33124999999999993,80.71024100868588,269,100.0
deep_itm_put,536,0.67,0.32999999999999996,81.42678754600331,270,100.0
deep_itm_put,537,0.67125,0.32875,80.71024100868588,270,100.0
deep_itm_put,538,0.6725,0.3275,81.4267875460033,271,100.0
deep_itm_put,539,0.67375,0.32625000000000004,80.71024100868588,271,100.0
deep_itm_put,540,0.675,0.32499999999999996,81.42678754600328,272,100.0
deep_itm_put,541,0.67625,0.32375,80.71024100868587,272,100.0
deep_itm_put,542,0.6775,0.3225,81.42678754600327,273,100.0
deep_itm_put,543,0.67875,0.32125000000000004,80.71024100868586,273,100.0
deep_itm_put,544,0.68,0.31999999999999995,81.42678754600325,274,100.0
deep_itm_put,545,0.68125,0.31875,80.71024100868586,274,100.0
deep_itm_put,546,0.6825,0.3175,81.42678754600327,275,100.0
deep_itm_put,547,0.68375,0.31625000000000003,80.71024100868584,275,100.0
deep_itm_put,548,0.685,0.31499999999999995,81.42678754600325,276,100.0
deep_itm_put,549,0.68625,0.31375,80.71024100868584,276,100.0
deep_itm_put,550,0.6875,0.3125,81.42678754600327,277,100.0
deep_itm_put,551,0.68875,0.31125,80.71024100868586,277,100.0
deep_itm_put,552,0.6900000000000001,0.30999999999999994,81.42678754600324,278,100.0
deep_itm_put,553,0.69125,0.30874999999999997,80.71024100868586,278,100.0
deep_itm_put,554,0.6925,0.3075,81.42678754600324,279,100.0
deep_itm_put,555,0.69375,0.30625,80.71024100868584,279,100.0
deep_itm_put,556,0.6950000000000001,0.30499999999999994,81.42678754600325,280,100.0
deep_itm_put,557,0.69625,0.30374999999999996,80.71024100868584,280,100.0
deep_itm_put,558,0.6975,0.3025,81.42678754600324,281,100.0
deep_itm_put,559,0.69875,0.30125,80.71024100868583,281,100.0
deep_itm_put,560,0.7000000000000001,0.29999999999999993,81.42678754600324,282,100.0
deep_itm_put,561,0.70125,0.29874999999999996,80.71024100868583,282,100.0
deep_itm_put,562,0.7025,0.2975,81.42678754600323,283,100.0
deep_itm_put,563,0.70375,0.29625,82.14969559251357,284,100.0
deep_itm_put,564,0.705,0.29500000000000004,81.42678754600323,284,100.0
deep_itm_put,565,0.70625,0.29374999999999996,82.14969559251357,285,100.0
deep_itm_put,566,0.7075,0.2925,81.42678754600321,285,100.0
deep_itm_put,567,0.70875,0.29125,82.14969559251357,286,100.0
deep_itm_put,568,0.71,0.29000000000000004,81.42678754600323,286,100.0
deep_itm_put,569,0.71125,0.28874999999999995,82.14969559251357,287,100.0
deep_itm_put,570,0.7125,0.2875,81.4267875460032,287,100.0
deep_itm_put,571,0.71375,0.28625,82.14969559251357,288,100.0
deep_itm_put,572,0.715,0.28500000000000003,81.42678754600321,288,100.0
deep_itm_put,573,0.71625,0.28374999999999995,82.14969559251354,289,100.0
deep_itm_put,574,0.7175,0.2825,81.4267875460032,289,100.0
deep_itm_put,575,0.71875,0.28125,82.14969559251354,290,100.0
deep_itm_put,576,0.72,0.28,81.4267875460032,290,100.0
deep_itm_put,577,0.7212500000000001,0.27874999999999994,82.14969559251355,291,100.0
deep_itm_put,578,0.7225,0.27749999999999997,81.4267875460032,291,100.0
deep_itm_put,579,0.72375,0.27625,82.14969559251355,292,100.0
deep_itm_put,580,0.725,0.275,81.4267875460032,292,100.0
deep_itm_put,581,0.7262500000000001,0.27374999999999994,82.14969559251352,293,100.0
deep_itm_put,582,0.7275,0.27249999999999996,81.42678754600318,293,100.0
deep_itm_put,583,0.72875,0.27125,82.14969559251354,294,100.0
deep_itm_put,584,0.73,0.27,81.42678754600318,294,100.0
deep_itm_put,585,0.7312500000000001,0.26874999999999993,82.14969559251352,295,100.0
deep_itm_put,586,0.7325,0.26749999999999996,81.42678754600317,295,100.0
deep_itm_put,587,0.73375,0.26625,82.14969559251352,296,100.0
deep_itm_put,588,0.735,0.265,81.42678754600317,296,100.0
deep_itm_put,589,0.73625,0.26375000000000004,82.14969559251351,297,100.0
deep_itm_put,590,0.7375,0.26249999999999996,81.42678754600315,297,100.0
deep_itm_put,591,0.73875,0.26125,82.14969559251351,298,100.0
deep_itm_put,592,0.74,0.26,82.87902162577564,299,100.0
deep_itm_put,593,0.74125,0.25875000000000004,82.1496955925135,299,100.0
deep_itm_put,594,0.7425,0.25749999999999995,82.87902162577562,300,100.0
deep_itm_put,595,0.74375,0.25625,82.1496955925135,300,100.0
deep_itm_put,596,0.745,0.255,82.87902162577561,301,100.0
deep_itm_put,597,0.74625,0.25375000000000003,82.1496955925135,301,100.0
deep_itm_put,598,0.7475,0.25249999999999995,82.87902162577562,302,100.0
deep_itm_put,599,0.74875,0.25125,82.14969559251348,302,100.0
deep_itm_put,600,0.75,0.25,82.87902162577561,303,100.0
deep_itm_put,601,0.75125,0.24875000000000003,82.14969559251348,303,100.0
deep_itm_put,602,0.7525000000000001,0.24749999999999994,82.8790216257756,304,100.0
deep_itm_put,603,0.75375,0.24624999999999997,82.14969559251347,304,100.0
deep_itm_put,604,0.755,0.245,82.8790216257756,305,100.0
deep_itm_put,605,0.75625,0.24375000000000002,82.14969559251348,305,100.0
deep_itm_put,606,0.7575000000000001,0.24249999999999994,82.87902162577558,306,100.0
deep_itm_put,607,0.75875,0.24124999999999996,82.14969559251348,306,100.0
deep_itm_put,608,0.76,0.24,82.87902162577558,307,100.0
deep_itm_put,609,0.76125,0.23875000000000002,82.14969559251345,307,100.0
deep_itm_put,610,0.7625000000000001,0.23749999999999993,82.87902162577558,308,100.0
deep_itm_put,611,0.76375,0.23624999999999996,82.14969559251345,308,100.0
deep_itm_put,612,0.765,0.235,82.87902162577556,309,100.0
deep_itm_put,613,0.76625,0.23375,82.14969559251345,309,100.0
deep_itm_put,614,0.7675000000000001,0.23249999999999993,82.87902162577556,310,100.0
deep_itm_put,615,0.76875,0.23124999999999996,82.14969559251345,310,100.0
deep_itm_put,616,0.77,0.22999999999999998,82.87902162577555,311,100.0
deep_itm_put,617,0.77125,0.22875,82.14969559251345,311,100.0
deep_itm_put,618,0.7725,0.22750000000000004,82.87902162577555,312,100.0
deep_itm_put,619,0.77375,0.22624999999999995,82.14969559251345,312,100.0
deep_itm_put,620,0.775,0.22499999999999998,82.87902162577555,313,100.0
deep_itm_put,621,0.77625,0.22375,83.61482262475674,314,100.0
deep_itm_put,622,0.7775,0.22250000000000003,82.87902162577555,314,100.0
deep_itm_put,623,0.77875,0.22124999999999995,83.61482262475674,315,100.0
deep_itm_put,624,0.78,0.21999999999999997,82.87902162577556,315,100.0
deep_itm_put,625,0.78125,0.21875,83.61482262475674,316,100.0
deep_itm_put,626,0.7825,0.21750000000000003,82.87902162577552,316,100.0
deep_itm_put,627,0.7837500000000001,0.21624999999999994,83.61482262475673,317,100.0
deep_itm_put,628,0.785,0.21499999999999997,82.87902162577554,317,100.0
deep_itm_put,629,0.78625,0.21375,83.61482262475671,318,100.0
deep_itm_put,630,0.7875,0.21250000000000002,82.87902162577552,318,100.0
deep_itm_put,631,0.7887500000000001,0.21124999999999994,83.61482262475673,319,100.0
deep_itm_put,632,0.79,0.20999999999999996,82.87902162577552,319,100.0
deep_itm_put,633,0.79125,0.20875,83.61482262475671,320,100.0
deep_itm_put,634,0.7925,0.20750000000000002,82.87902162577552,320,100.0
deep_itm_put,635,0.7937500000000001,0.20624999999999993,83.61482262475671,321,100.0
deep_itm_put,636,0.795,0.20499999999999996,82.87902162577551,321,100.0
deep_itm_put,637,0.79625,0.20375,83.61482262475671,322,100.0
deep_itm_put,638,0.7975,0.2025,82.87902162577552,322,100.0
deep_itm_put,639,0.7987500000000001,0.20124999999999993,83.61482262475668,323,100.0
deep_itm_put,640,0.8,0.19999999999999996,82.8790216257755,323,100.0
deep_itm_put,641,0.80125,0.19874999999999998,83.6148226247567,324,100.0
deep_itm_put,642,0.8025,0.1975,82.87902162577551,324,100.0
deep_itm_put,643,0.80375,0.19625000000000004,83.6148226247567,325,100.0
deep_itm_put,644,0.805,0.19499999999999995,84.35715607428425,326,100.0
deep_itm_put,645,0.80625,0.19374999999999998,83.61482262475668,326,100.0
deep_itm_put,646,0.8075,0.1925,84.35715607428423,327,100.0
deep_itm_put,647,0.80875,0.19125000000000003,83.61482262475667,327,100.0
deep_itm_put,648,0.81,0.18999999999999995,84.35715607428422,328,100.0
deep_itm_put,649,0.81125,0.18874999999999997,83.61482262475667,328,100.0
deep_itm_put,650,0.8125,0.1875,84.35715607428422,329,100.0
deep_itm_put,651,0.81375,0.18625000000000003,83.61482262475667,329,100.0
deep_itm_put,652,0.8150000000000001,0.18499999999999994,84.35715607428423,330,100.0
deep_itm_put,653,0.81625,0.18374999999999997,83.61482262475667,330,100.0
deep_itm_put,654,0.8175,0.1825,84.35715607428422,331,100.0
deep_itm_put,655,0.81875,0.18125000000000002,83.61482262475666,331,100.0
deep_itm_put,656,0.8200000000000001,0.17999999999999994,84.35715607428422,332,100.0
deep_itm_put,657,0.82125,0.17874999999999996,83.61482262475666,332,100.0
deep_itm_put,658,0.8225,0.1775,84.3571560742842,333,100.0
deep_itm_put,659,0.82375,0.17625000000000002,83.61482262475664,333,100.0
deep_itm_put,660,0.8250000000000001,0.17499999999999993,84.3571560742842,334,100.0
deep_itm_put,661,0.82625,0.17374999999999996,83.61482262475664,334,100.0
deep_itm_put,662,0.8275,0.1725,84.35715607428419,335,100.0
deep_itm_put,663,0.82875,0.17125,83.61482262475663,335,100.0
deep_itm_put,664,0.8300000000000001,0.16999999999999993,84.3571560742842,336,100.0
deep_itm_put,665,0.83125,0.16874999999999996,83.61482262475664,336,100.0
deep_itm_put,666,0.8325,0.16749999999999998,84.35715607428419,337,100.0
deep_itm_put,667,0.83375,0.16625,85.10607996953644,338,100.0
deep_itm_put,668,0.835,0.16500000000000004,84.35715607428418,338,100.0
deep_itm_put,669,0.83625,0.16374999999999995,85.10607996953642,339,100.0
deep_itm_put,670,0.8375,0.16249999999999998,84.35715607428419,339,100.0
deep_itm_put,671,0.83875,0.16125,85.10607996953642,340,100.0
deep_itm_put,672,0.84,0.16000000000000003,84.35715607428418,340,100.0
deep_itm_put,673,0.84125,0.15874999999999995,85.10607996953641,341,100.0
deep_itm_put,674,0.8425,0.15749999999999997,84.35715607428416,341,100.0
deep_itm_put,675,0.84375,0.15625,85.10607996953641,342,100.0
deep_itm_put,676,0.845,0.15500000000000003,84.35715607428416,342,100.0
deep_itm_put,677,0.8462500000000001,0.15374999999999994,85.10607996953641,343,100.0
deep_itm_put,678,0.8475,0.15249999999999997,84.35715607428418,343,100.0
deep_itm_put,679,0.84875,0.15125,85.10607996953641,344,100.0
deep_itm_put,680,0.85,0.15000000000000002,84.35715607428416,344,100.0
deep_itm_put,681,0.8512500000000001,0.14874999999999994,85.1060799695364,345,100.0
deep_itm_put,682,0.8525,0.14749999999999996,84.35715607428416,345,100.0
deep_itm_put,683,0.85375,0.14625,85.10607996953638,346,100.0
deep_itm_put,684,0.855,0.14500000000000002,84.35715607428413,346,100.0
deep_itm_put,685,0.8562500000000001,0.14374999999999993,85.10607996953638,347,100.0
deep_itm_put,686,0.8575,0.14249999999999996,85.86165282057355,348,100.0
deep_itm_put,687,0.85875,0.14125,85.10607996953637,348,100.0
deep_itm_put,688,0.86,0.14,85.86165282057354,349,100.0
deep_itm_put,689,0.8612500000000001,0.13874999999999993,85.10607996953638,349,100.0
deep_itm_put,690,0.8625,0.13749999999999996,85.86165282057352,350,100.0
deep_itm_put,691,0.86375,0.13624999999999998,85.10607996953637,350,100.0
deep_itm_put,692,0.865,0.135,85.86165282057352,351,100.0
deep_itm_put,693,0.86625,0.13375000000000004,85.10607996953637,351,100.0
deep_itm_put,694,0.8675,0.13249999999999995,85.86165282057352,352,100.0
deep_itm_put,695,0.86875,0.13124999999999998,85.10607996953635,352,100.0
deep_itm_put,696,0.87,0.13,85.86165282057351,353,100.0
deep_itm_put,697,0.87125,0.12875000000000003,85.10607996953637,353,100.0
deep_itm_put,698,0.8725,0.12749999999999995,85.86165282057351,354,100.0
deep_itm_put,699,0.87375,0.12624999999999997,85.10607996953634,354,100.0
deep_itm_put,700,0.875,0.125,85.86165282057351,355,100.0
deep_itm_put,701,0.87625,0.12375000000000003,85.10607996953635,355,100.0
deep_itm_put,702,0.8775000000000001,0.12249999999999994,85.86165282057351,356,100.0
deep_itm_put,703,0.87875,0.12124999999999997,86.62393365690887,357,100.0
deep_itm_put,704,0.88,0.12,85.86165282057351,357,100.0
deep_itm_put,705,0.88125,0.11875000000000002,86.62393365690887,358,100.0
deep_itm_put,706,0.8825000000000001,0.11749999999999994,85.8616528205735,358,100.0
deep_itm_put,707,0.88375,0.11624999999999996,86.62393365690887,359,100.0
deep_itm_put,708,0.885,0.11499999999999999,85.8616528205735,359,100.0
deep_itm_put,709,0.88625,0.11375000000000002,86.62393365690886,360,100.0
deep_itm_put,710,0.8875000000000001,0.11249999999999993,85.86165282057348,360,100.0
deep_itm_put,711,0.88875,0.11124999999999996,86.62393365690887,361,100.0
deep_itm_put,712,0.89,0.10999999999999999,85.86165282057348,361,100.0
deep_itm_put,713,0.89125,0.10875000000000001,86.62393365690885,362,100.0
deep_itm_put,714,0.8925000000000001,0.10749999999999993,85.86165282057347,362,100.0
deep_itm_put,715,0.89375,0.10624999999999996,86.62393365690885,363,100.0
deep_itm_put,716,0.895,0.10499999999999998,85.86165282057348,363,100.0
deep_itm_put,717,0.89625,0.10375000000000001,86.62393365690885,364,100.0
deep_itm_put,718,0.8975,0.10250000000000004,87.3929820321205,365,100.0
deep_itm_put,719,0.89875,0.10124999999999995,86.62393365690883,365,100.0
deep_itm_put,720,0.9,0.09999999999999998,87.3929820321205,366,100.0
deep_itm_put,721,0.90125,0.09875,86.62393365690883,366,100.0
deep_itm_put,722,0.9025,0.09750000000000003,87.39298203212049,367,100.0
deep_itm_put,723,0.90375,0.09624999999999995,86.62393365690883,367,100.0
deep_itm_put,724,0.905,0.09499999999999997,87.39298203212047,368,100.0
deep_itm_put,725,0.90625,0.09375,86.62393365690883,368,100.0
deep_itm_put,726,0.9075,0.09250000000000003,87.39298203212047,369,100.0
deep_itm_put,727,0.9087500000000001,0.09124999999999994,86.62393365690882,369,100.0
deep_itm_put,728,0.91,0.08999999999999997,87.39298203212046,370,100.0
deep_itm_put,729,0.91125,0.08875,86.6239336569088,370,100.0
deep_itm_put,730,0.9125,0.08750000000000002,87.39298203212047,371,100.0
deep_itm_put,731,0.9137500000000001,0.08624999999999994,86.62393365690882,371,100.0
deep_itm_put,732,0.915,0.08499999999999996,87.39298203212044,372,100.0
deep_itm_put,733,0.91625,0.08374999999999999,88.16885802850385,373,100.0
deep_itm_put,734,0.9175,0.08250000000000002,87.39298203212046,373,100.0
deep_itm_put,735,0.9187500000000001,0.08124999999999993,88.16885802850383,374,100.0
deep_itm_put,736,0.92,0.07999999999999996,87.39298203212044,374,100.0
deep_itm_put,737,0.92125,0.07874999999999999,88.16885802850383,375,100.0
deep_itm_put,738,0.9225,0.07750000000000001,87.39298203212043,375,100.0
deep_itm_put,739,0.9237500000000001,0.07624999999999993,88.16885802850383,376,100.0
deep_itm_put,740,0.925,0.07499999999999996,87.39298203212043,376,100.0
deep_itm_put,741,0.92625,0.07374999999999998,88.16885802850383,377,100.0
deep_itm_put,742,0.9275,0.07250000000000001,87.39298203212043,377,100.0
deep_itm_put,743,0.92875,0.07125000000000004,88.16885802850382,378,100.0
deep_itm_put,744,0.93,0.06999999999999995,88.95162226176582,379,100.0
deep_itm_put,745,0.93125,0.06874999999999998,88.16885802850382,379,100.0
deep_itm_put,746,0.9325,0.0675,88.9516222617658,380,100.0
deep_itm_put,747,0.93375,0.06625000000000003,88.1688580285038,380,100.0
deep_itm_put,748,0.935,0.06499999999999995,88.95162226176579,381,100.0
deep_itm_put,749,0.93625,0.06374999999999997,88.1688580285038,381,100.0
deep_itm_put,750,0.9375,0.0625,88.95162226176579,382,100.0
deep_itm_put,751,0.93875,0.06125000000000003,88.16885802850379,382,100.0
deep_itm_put,752,0.9400000000000001,0.05999999999999994,88.95162226176579,383,100.0
deep_itm_put,753,0.94125,0.05874999999999997,88.16885802850379,383,100.0
deep_itm_put,754,0.9425,0.057499999999999996,88.95162226176578,384,100.0
deep_itm_put,755,0.94375,0.05625000000000002,89.74133588576022,385,100.0
deep_itm_put,756,0.9450000000000001,0.05499999999999994,88.95162226176576,385,100.0
deep_itm_put,757,0.94625,0.053749999999999964,89.74133588576021,386,100.0
deep_itm_put,758,0.9475,0.05249999999999999,88.95162226176578,386,100.0
deep_itm_put,759,0.94875,0.05125000000000002,89.74133588576021,387,100.0
deep_itm_put,760,0.9500000000000001,0.04999999999999993,88.95162226176576,387,100.0
deep_itm_put,761,0.95125,0.04874999999999996,89.74133588576021,388,100.0
deep_itm_put,762,0.9525,0.04749999999999999,88.95162226176576,388,100.0
deep_itm_put,763,0.95375,0.04625000000000001,89.7413358857602,389,100.0
deep_itm_put,764,0.9550000000000001,0.04499999999999993,90.53806059726564,390,100.0
deep_itm_put,765,0.95625,0.043749999999999956,89.7413358857602,390,100.0
deep_itm_put,766,0.9575,0.04249999999999998,90.53806059726561,391,100.0
deep_itm_put,767,0.95875,0.04125000000000001,89.74133588576018,391,100.0
deep_itm_put,768,0.96,0.040000000000000036,90.53806059726561,392,100.0
deep_itm_put,769,0.96125,0.03874999999999995,89.74133588576018,392,100.0
deep_itm_put,770,0.9625,0.03749999999999998,90.53806059726563,393,100.0
deep_itm_put,771,0.96375,0.036250000000000004,91.34185864080536,394,100.0
deep_itm_put,772,0.965,0.03500000000000003,90.53806059726561,394,100.0
deep_itm_put,773,0.96625,0.03374999999999995,91.34185864080536,395,100.0
deep_itm_put,774,0.9675,0.03249999999999997,90.5380605972656,395,100.0
deep_itm_put,775,0.96875,0.03125,91.34185864080536,396,100.0
deep_itm_put,776,0.97,0.030000000000000027,90.5380605972656,396,100.0
deep_itm_put,777,0.9712500000000001,0.028749999999999942,91.34185864080536,397,100.0
deep_itm_put,778,0.9725,0.02749999999999997,92.1527928135104,398,100.0
deep_itm_put,779,0.97375,0.026249999999999996,91.34185864080534,398,100.0
deep_itm_put,780,0.975,0.025000000000000022,92.15279281351042,399,100.0
deep_itm_put,781,0.9762500000000001,0.023749999999999938,91.34185864080534,399,100.0
deep_itm_put,782,0.9775,0.022499999999999964,92.15279281351039,400,100.0
deep_itm_put,783,0.97875,0.02124999999999999,92.97092647002547,401,100.0
deep_itm_put,784,0.98,0.020000000000000018,92.15279281351039,401,100.0
deep_itm_put,785,0.9812500000000001,0.018749999999999933,92.97092647002546,402,100.0
deep_itm_put,786,0.9825,0.01749999999999996,92.15279281351039,402,100.0
deep_itm_put,787,0.98375,0.016249999999999987,92.97092647002546,403,100.0
deep_itm_put,788,0.985,0.015000000000000013,93.7963235274586,404,100.0
deep_itm_put,789,0.9862500000000001,0.013749999999999929,92.97092647002546,404,100.0
deep_itm_put,790,0.9875,0.012499999999999956,93.79632352745858,405,100.0
deep_itm_put,791,0.98875,0.011249999999999982,94.62904847037468,406,100.0
deep_itm_put,792,0.99,0.010000000000000009,93.79632352745857,406,100.0
deep_itm_put,793,0.9912500000000001,0.008749999999999925,94.62904847037468,407,100.0
deep_itm_put,794,0.9925,0.007499999999999951,95.46916635583348,408,100.0
deep_itm_put,795,0.99375,0.006249999999999978,94.62904847037467,408,100.0
deep_itm_put,796,0.995,0.0050000000000000044,95.46916635583348,409,100.0
deep_itm_put,797,0.99625,0.003750000000000031,96.3167428184721,410,100.0
deep_itm_put,798,0.9975,0.0024999999999999467,97.17184407563275,411,100.0
deep_itm_put,799,0.99875,0.0012499999999999734,98.03453693253611,412,100.0
