time,time_to_expiry,spot,is_rebalance,option_price_per_unit,model_option_price_per_unit,option_delta_per_unit,target_stock_position,actual_stock_position,stock_trade,stock_trade_cashflow,option_cashflow,option_settlement,interest_accrual,transaction_cost,cumulative_transaction_cost,cash_account,stock_market_value,option_position_value,net_delta,portfolio_value
0.0,1.0,100.0,True,9.413403383853016,9.413403383853016,0.5987063256829237,0.5987063256829237,0.5987063256829237,0.5987063256829237,-59.87063256829237,9.413403383853016,0.0,0.0,0.029935316284146186,0.029935316284146186,-50.4871645007235,59.87063256829237,-9.413403383853016,0.0,-0.029935316284145586
0.003968253968253968,0.996031746031746,99.00966430203437,True,8.808876124081763,8.808876124081763,0.5791192559398688,0.5791192559398688,0.5791192559398688,-0.019587069743054908,1.9393091999204009,0.0,0.0,-0.0060107345009898835,0.0009696545999602006,0.030904970884106386,-48.55483568990405,57.338403121450334,-8.808876124081763,0.0,-0.02530869253548218
0.007936507936507936,0.9920634920634921,99.31415020068579,True,8.964866951958946,8.964866951958946,0.5849050279082221,0.5849050279082221,0.5849050279082221,0.0057857719683532816,-0.5746090262919553,0.0,0.0,-0.005780681663495261,0.00028730451314597764,0.031192275397252365,-49.13551270237265,58.08934579481348,-8.964866951958946,0.0,-0.011033859518114753
0.011904761904761904,0.9880952380952381,96.97335757775711,True,7.629889722024593,7.629889722024593,0.5374116426300679,0.5374116426300679,0.5374116426300679,-0.047493385278154165,4.605593033156629,0.0,0.0,-0.0058498139942033305,0.002302796516578315,0.03349507191383068,-44.538072279726805,52.11461138721539,-7.629889722024593,0.0,-0.05335061453600787
0.015873015873015872,0.9841269841269842,98.69763945567317,True,8.56570245555821,8.56570245555821,0.572183396387853,0.572183396387853,0.572183396387853,0.03477175375778507,-3.43189001562732,0.0,0.0,-0.005302467078647261,0.0017159450078136598,0.03521101692164434,-47.97698070744059,56.473150559210836,-8.56570245555821,0.0,-0.06953260378796244
0.01984126984126984,0.9801587301587301,99.49849020031142,True,9.008930783011287,9.008930783011287,0.5878880809655738,0.5878880809655738,0.5878880809655738,0.015704684577720784,-1.5625924045553334,0.0,0.0,-0.005711885308738355,0.0007812962022776667,0.03599231312392201,-49.54606629350694,58.49397646283303,-9.008930783011287,0.0,-0.06102061368519429
0.023809523809523808,0.9761904761904762,99.1369968637883,True,8.776357516635997,8.776357516635997,0.5804884192125804,0.5804884192125804,0.5804884192125804,-0.007399661752993336,0.7335802439995945,0.0,0.0,-0.005898692331086378,0.0003667901219997973,0.03635910324592181,-48.81875153196043,57.547878594943015,-8.776357516635997,0.0,-0.047230453653412496
0.027777777777777776,0.9722222222222222,98.75205272823852,True,8.53309294157122,8.53309294157122,0.5725314180162353,0.5725314180162353,0.5725314180162353,-0.007957001196345126,0.7857702017001309,0.0,0.0,-0.005812102086347159,0.0003928851008500655,0.036751988346771874,-48.039186317447495,56.53865278051244,-8.53309294157122,0.0,-0.033626478506270985
0.031746031746031744,0.9682539682539683,99.13473049769303,True,8.732243336427274,8.732243336427274,0.5799796536528086,0.5799796536528086,0.5799796536528086,0.007448235636573264,-0.7383788325150036,0.0,0.0,-0.005719291179317961,0.0003691894162575018,0.037121177763029374,-48.78365363055807,57.49612665901652,-8.732243336427274,0.0,-0.019770307968826728
0.03571428571428571,0.9642857142857143,98.8049118651607,True,8.520676795898098,8.520676795898098,0.5731021897462875,0.5731021897462875,0.5731021897462875,-0.0068774639065211085,0.679527215139642,0.0,0.0,-0.005807923516032154,0.000339763607569821,0.037460941370599195,-48.11027410254203,56.62531134761254,-8.520676795898098,0.0,-0.00563955082758838
0.03968253968253968,0.9603174603174603,98.528004475945,True,8.341422909802752,8.341422909802752,0.5672299558452355,0.5672299558452355,0.5672299558452355,-0.00587223390105196,0.5785794880866434,0.0,0.0,-0.005727754514636793,0.0002892897440433217,0.03775023111464252,-47.537711658714066,55.88803562840945,-8.341422909802752,0.0,0.008901059892629348
0.04365079365079365,0.9563492063492064,99.42986303745313,True,8.839632839498215,8.839632839498215,0.5852134813625849,0.5852134813625849,0.5852134813625849,0.017983525517349386,-1.7880994791205929,0.0,0.0,-0.005659588261508466,0.0008940497395602965,0.038644280854202816,-49.33236477583573,58.18769629955295,-8.839632839498215,0.0,0.015698684219003667
0.047619047619047616,0.9523809523809523,100.08069995764612,True,9.202982518674617,9.202982518674617,0.5979745743943609,0.5979745743943609,0.5979745743943609,0.012761093031775972,-1.2771391228447797,0.0,0.0,-0.005873250159835864,0.0006385695614223898,0.03928285041562521,-50.61601571840177,59.84571396226317,-9.202982518674617,0.0,0.02671572518678289
0.051587301587301584,0.9484126984126984,100.00384213585754,True,9.13530757448168,9.13530757448168,0.5962542642962545,0.5962542642962545,0.5962542642962545,-0.001720310098106359,0.17203761947574991,0.0,0.0,-0.0060260748447634425,8.601880973787497e-05,0.03936886922536308,-50.45009019258052,59.62771731951452,-9.13530757448168,0.0,0.04231955245231944
0.05555555555555555,0.9444444444444444,99.9001698323209,True,9.051810478870316,9.051810478870316,0.593988694472229,0.593988694472229,0.593988694472229,-0.002265569824025482,0.226330810187127,0.0,0.0,-0.006006320630152432,0.0001131654050935635,0.039482034630456644,-50.229878868428635,59.33957145625425,-9.051810478870316,0.0,0.05788210895529744
0.05952380952380952,0.9404761904761905,100.1068808099768,True,9.153155280574637,9.153155280574637,0.59791461316912,0.59791461316912,0.59791461316912,0.003925918696890962,-0.393011475059323,0.0,0.0,-0.005980103435808523,0.00019650573752966148,0.039678540367986306,-50.6290669526613,59.85536691506448,-9.153155280574637,0.0,0.07314468182854483
0.06349206349206349,0.9365079365079365,99.33939318838483,True,8.678425879625571,8.678425879625571,0.5822638857894316,0.5822638857894316,0.5822638857894316,-0.015650727379688423,1.5547337608550882,0.0,0.0,-0.006027628655614577,0.0007773668804275441,0.04045590724841385,-49.081138187342255,57.84174108983314,-8.678425879625571,0.0,0.08217702286531647
0.06746031746031746,0.9325396825396826,98.83928118354925,True,8.368122374916382,8.368122374916382,0.5718045411208155,0.5718045411208155,0.5718045411208155,-0.010459344668616088,1.0337941086970024,0.0,0.0,-0.005843340452329869,0.0005168970543485012,0.04097280430276235,-48.05370431615193,56.516749821870626,-8.368122374916382,0.0,0.0949231308023144
0.07142857142857142,0.9285714285714286,99.52831933594493,True,8.745122695083616,8.745122695083616,0.5856518132934964,0.5856518132934964,0.5856518132934964,0.013847272172680891,-1.3781957267343277,0.0,0.0,-0.0057210196153781165,0.0006890978633671638,0.041661902166129514,-49.438310160365006,58.2889406931503,-8.745122695083616,0.0,0.10550783770167982
0.07539682539682539,0.9246031746031746,99.36877941950274,True,8.630093616009724,8.630093616009724,0.5821762686885932,0.5821762686885932,0.5821762686885932,-0.00347554460490318,0.3453606252072669,0.0,0.0,-0.005885863456389717,0.00017268031260363347,0.041834582478733146,-49.09900807892674,57.85014522658598,-8.630093616009724,0.0,0.12104353164951931
0.07936507936507936,0.9206349206349207,97.6667832804273,True,7.647729771895577,7.647729771895577,0.5465097638303985,0.5465097638303985,0.5465097638303985,-0.03566650485819467,3.4834328003556063,0.0,0.0,-0.005845467947009715,0.0017417164001778031,0.04357629887891095,-45.62316246291832,53.37585066466104,-7.647729771895577,0.0,0.10495842984713732
0.08333333333333333,0.9166666666666666,97.08511327699007,True,7.312151659957635,7.312151659957635,0.5338172756512426,0.5338172756512426,0.5338172756512426,-0.012692488179155914,1.2322516526402094,0.0,0.0,-0.005431652170844333,0.0006161258263201047,0.044192424705231055,-44.396958588275275,51.825710675815124,-7.312151659957635,0.0,0.11660042758221323
0.0873015873015873,0.9126984126984127,97.89548083121777,True,7.730160431652315,7.730160431652315,0.5507351876970135,0.5507351876970135,0.5507351876970135,0.016917912045770866,-1.65618713438099,0.0,0.0,-0.005285666829669967,0.0008280935671904951,0.04502051827242155,-46.059259483053125,53.9144860102701,-7.730160431652315,0.0,0.1250660955646623
0.09126984126984126,0.9087301587301587,97.61328315801784,True,7.554068256522491,7.554068256522491,0.5444356237902954,0.5444356237902954,0.5444356237902954,-0.006299563906718042,0.6149211153984973,0.0,0.0,-0.005483571573144408,0.00030746055769924867,0.0453279788301208,-45.450129399785475,53.14414870635418,-7.554068256522491,0.0,0.13995105004621422
0.09523809523809523,0.9047619047619048,97.43440743506368,True,7.435525304528753,7.435525304528753,0.5402942131410264,0.5402942131410264,0.5402942131410264,-0.004141410649268984,0.40351589255678577,0.0,0.0,-0.005411051770471884,0.00020175794627839288,0.045529736776399196,-45.05222631694544,52.64324649798991,-7.435525304528753,0.0,0.1554948765157107
0.0992063492063492,0.9007936507936508,98.2293913332283,True,7.850010506107083,7.850010506107083,0.5569187013670548,0.5569187013670548,0.5569187013670548,0.016624488226028356,-1.6330133596691858,0.0,0.0,-0.005363679536128192,0.000816506679834593,0.04634624345623379,-46.69141986283059,54.70578505737774,-7.850010506107083,0.0,0.1643546884400635
0.10317460317460317,0.8968253968253969,100.51762476730566,True,9.156655532904423,9.156655532904423,0.6041143321417899,0.6041143321417899,0.6041143321417899,0.0471956307747351,-4.743992704871126,0.0,0.0,-0.005558833240985406,0.0023719963524355633,0.04871823980866935,-51.44334339729514,60.724137754779896,-9.156655532904423,0.0,0.12413882458033498
0.10714285714285714,0.8928571428571429,99.62243924080546,True,8.601819238703676,8.601819238703676,0.5855884955301291,0.5855884955301291,0.5855884955301291,-0.01852583661166074,1.8455890322302615,0.0,0.0,-0.006124572097923242,0.0009227945161151307,0.04964103432478448,-49.60480173167892,58.337754316064974,-8.601819238703676,0.0,0.1311333456823789
0.1111111111111111,0.8888888888888888,101.33308120191975,True,9.610897421185669,9.610897421185669,0.6201719751421888,0.6201719751421888,0.6201719751421888,0.03458347961205965,-3.5044505477737773,0.0,0.0,-0.0059056850613801535,0.0017522252738868885,0.051393259598671366,-53.11691018978796,62.84393711623838,-9.610897421185669,0.0,0.11612950526475174
0.11507936507936507,0.8849206349206349,99.77881665167155,True,8.649047448164644,8.649047448164644,0.5883903261216018,0.5883903261216018,0.5883903261216018,-0.031781649020587,3.171135330512927,0.0,0.0,-0.006323818099532294,0.0015855676652564636,0.05297882726392783,-49.95368424503982,58.708890469704535,-8.649047448164644,0.0,0.10615877650007377
0.11904761904761904,0.8809523809523809,100.00299106193718,True,8.759065490008581,8.759065490008581,0.5928207306287332,0.5928207306287332,0.5928207306287332,0.004430404507131391,-0.44305370232742675,0.0,0.0,-0.005947221166261234,0.00022152685116371337,0.053200354115091546,-50.402906695384665,59.28384622639627,-8.759065490008581,0.0,0.12187404100302501
0.12301587301587301,0.876984126984127,98.54419145193923,True,7.894398041139077,7.894398041139077,0.5619121828389186,0.5619121828389186,0.5619121828389186,-0.030908547789814556,3.0458578509008984,0.0,0.0,-0.006000703212789482,0.0015229289254504493,0.054723283040542,-47.36457247662201,55.37318172485548,-7.894398041139077,0.0,0.11421120709439236
0.12698412698412698,0.873015873015873,100.2404246560983,True,8.855382074842709,8.855382074842709,0.5973286697256189,0.5973286697256189,0.5973286697256189,0.035416486886700294,-3.550163685349974,0.0,0.0,-0.005638975227174581,0.0017750818426749873,0.05649836488321699,-50.92215021904183,59.876479512558326,-8.855382074842709,0.0,0.09894721867378564
0.13095238095238093,0.8690476190476191,101.30316673379254,True,9.479008938926732,9.479008938926732,0.618864776337262,0.618864776337262,0.618864776337262,0.02153610661164307,-2.1816757988760096,0.0,0.0,-0.006062521597579481,0.0010908378994380049,0.057589202782654995,-53.11097937741486,62.69296162296488,-9.479008938926732,0.0,0.10297330662329074
0.1349206349206349,0.8650793650793651,102.7697694644591,True,10.385109408465297,10.385109408465297,0.6478031851901788,0.6478031851901788,0.6478031851901788,0.028938408852916764,-2.973993606482518,0.0,0.0,-0.0063231120084118585,0.0014869968032412593,0.05907619958589626,-56.09278309270903,66.57458400033698,-10.385109408465297,0.0,0.09669149916265951
0.1388888888888889,0.8611111111111112,101.63360637774745,True,9.638897126357442,9.638897126357442,0.6252505846073138,0.6252505846073138,0.6252505846073138,-0.022552600582865012,2.2921021304334603,0.0,0.0,-0.006678109771584746,0.0011460510652167302,0.06022225065111299,-53.80850512311237,63.546471803436205,-9.638897126357442,0.0,0.09906955396639461
0.14285714285714285,0.8571428571428572,102.51801272835293,True,10.176662200407598,10.176662200407598,0.6427276771986509,0.6427276771986509,0.6427276771986509,0.017477092591337118,-1.7917168007333013,0.0,0.0,-0.0064061557306421425,0.0008958584003666508,0.06111810905147964,-55.60752393797668,65.891164191916,-10.176662200407598,0.0,0.1069780535317264
0.1468253968253968,0.8531746031746033,101.85388092742704,True,9.731185905611817,9.731185905611817,0.6294335001234833,0.6294335001234833,0.6294335001234833,-0.013294177075167557,1.3540635288422467,0.0,0.0,-0.006620337385828579,0.0006770317644211233,0.06179514081590076,-54.26075777828468,64.11024477331091,-9.731185905611817,0.0,0.11830108941441608
0.15079365079365079,0.8492063492063492,101.27265312814208,True,9.34580167783637,9.34580167783637,0.6175287687024572,0.6175287687024572,0.6175287687024572,-0.011904731421026105,1.2056237357852706,0.0,0.0,-0.006459998537313718,0.0006028118678926353,0.062397952683793396,-53.06219685290461,62.53877678945263,-9.34580167783637,0.0,0.1307782587116506
0.15476190476190477,0.8452380952380952,101.92506286099736,True,9.729934388867292,9.729934388867292,0.6306373941903334,0.6306373941903334,0.6306373941903334,0.013108625487876169,-1.3360974768730507,0.0,0.0,-0.006317304219322913,0.0006680487384365253,0.06306600142222993,-54.405279682735426,64.2777560453453,-9.729934388867292,0.0,0.14254197374258126
0.15873015873015872,0.8412698412698413,103.06121774529373,True,10.436081803295181,10.436081803295181,0.6530897446892523,0.6530897446892523,0.6530897446892523,0.022452350498918916,-2.3139665836627366,0.0,0.0,-0.006477204550085903,0.0011569832918313684,0.06422298471406129,-56.72688045424008,67.30822438463733,-10.436081803295181,0.0,0.14526212710206465
0.16269841269841268,0.8373015873015873,103.33108948248568,True,10.589774449821782,10.589774449821782,0.6582945053403224,0.6582945053403224,0.6582945053403224,0.005204760651070117,-0.5378135885706468,0.0,0.0,-0.0067536020462179705,0.00026890679428532335,0.06449189150834661,-57.27171655165123,68.0222884371495,-10.589774449821782,0.0,0.16079743567648563
0.16666666666666666,0.8333333333333334,102.52083873429696,True,10.039557900408383,10.039557900408383,0.6422868452190229,0.6422868452190229,0.6422868452190229,-0.016007660121299505,1.641118741809183,0.0,0.0,-0.006818467347339149,0.0008205593709045915,0.06531245087925121,-55.63823683656029,65.8477860798598,-10.039557900408383,0.0,0.16999134289113016
0.17063492063492064,0.8293650793650793,101.46373611382025,True,9.34866343163469,9.34866343163469,0.6207514377316397,0.6207514377316397,0.6207514377316397,-0.02153540748738325,2.185062902403443,0.0,0.0,-0.006623993900924396,0.0010925314512017215,0.06640498233045293,-53.460890459508974,62.983760070277604,-9.34866343163469,0.0,0.17420617913393954
0.1746031746031746,0.8253968253968254,103.33104068365928,True,10.519688151715371,10.519688151715371,0.658166720443871,0.658166720443871,0.658166720443871,0.03741528271223138,-3.8661601001281944,0.0,0.0,-0.006364770569240555,0.0019330800500640972,0.06833806238051703,-57.33534841025647,68.00905216681625,-10.519688151715371,0.0,0.15401560484440324
0.17857142857142855,0.8214285714285714,104.11130000784958,True,11.015678246701903,11.015678246701903,0.6732316386101913,0.6732316386101913,0.6732316386101913,0.015064918166320274,-1.568428214807473,0.0,0.0,-0.006826043019525594,0.0007842141074037366,0.06912227648792076,-58.91138688219087,70.0910211021218,-11.015678246701903,0.0,0.16395597322902944
0.18253968253968253,0.8174603174603174,105.06381437383926,True,11.642039829173598,11.642039829173598,0.6911844551175184,0.6911844551175184,0.6911844551175184,0.017952816507327052,-1.8861913810134068,0.0,0.0,-0.007013677815652988,0.0009430956905067034,0.07006537217842745,-60.80553503671043,72.61847529055018,-11.642039829173598,0.0,0.17090042466615074
0.1865079365079365,0.8134920634920635,107.99846011942469,True,13.724174755171859,13.724174755171859,0.7428149299036929,0.7428149299036929,0.7428149299036929,0.05163047478617455,-5.5760117721416345,0.0,0.0,-0.007239185066356162,0.0027880058860708175,0.07285337806449828,-66.39157399980449,80.22286858331722,-13.724174755171859,0.0,0.10711982834087053
0.19047619047619047,0.8095238095238095,106.89828174562916,True,12.893707932178657,12.893707932178657,0.7242922535038978,0.7242922535038978,0.7242922535038978,-0.0185226763997951,1.9800422804684128,0.0,0.0,-0.00790422928999962,0.0009900211402342064,0.07384339920473248,-64.42042596976631,77.42559738123633,-12.893707932178657,0.0,0.11146347929135914
0.19444444444444442,0.8055555555555556,110.40589887264038,True,15.513183068527823,15.513183068527823,0.7810842128098767,0.7810842128098767,0.7810842128098767,0.05679195930597891,-6.270167315915016,0.0,0.0,-0.0076695548417933055,0.003135083657957508,0.07697848286268999,-70.70139792418108,86.23630461050317,-15.513183068527823,0.0,0.021723617794265238
0.1984126984126984,0.8015873015873016,114.88147650995668,True,19.126017697568273,19.126017697568273,0.8410030555440853,0.8410030555440853,0.8410030555440853,0.059918842734208555,-6.883565124073769,0.0,0.0,-0.008417334108058292,0.0034417825620368845,0.08042026542472687,-77.59682216492494,96.61567277028963,-19.126017697568273,0.0,-0.10716709220358211
0.20238095238095238,0.7976190476190477,117.25261725980099,True,21.131036326269708,21.131036326269708,0.8674323068254172,0.8674323068254172,0.8674323068254172,0.02642925128133189,-3.0988988849531127,0.0,0.0,-0.009238266810313875,0.0015494494424765565,0.08196971486720342,-80.70650876613085,101.70870827098689,-21.131036326269708,0.0,-0.12883682141367103
0.20634920634920634,0.7936507936507937,118.48554552851638,True,22.187778302801718,22.187778302801718,0.8799450247634515,0.8799450247634515,0.8799450247634515,0.012512717938034323,-1.4825762109324494,0.0,0.0,-0.009608489632807036,0.0007412881054662248,0.08271100297266964,-82.19943475480157,104.2607662942014,-22.187778302801718,0.0,-0.1264467634018871
0.2103174603174603,0.7896825396825398,117.50340201695033,True,21.30751949870387,21.30751949870387,0.8707007068236301,0.8707007068236301,0.8707007068236301,-0.00924431793982139,1.0862388072553388,0.0,0.0,-0.009786229496716385,0.0005431194036276694,0.08325412237629731,-81.12352529644657,102.31029519033982,-21.30751949870387,0.0,-0.12074960481062647
0.21428571428571427,0.7857142857142857,118.98962569151499,True,22.59221762448682,22.59221762448682,0.8853838015970132,0.8853838015970132,0.8853838015970132,0.014683094773383143,-1.7471359510779003,0.0,0.0,-0.00965813741301097,0.0008735679755389502,0.08412769035183626,-82.88119295291303,105.35148714535917,-22.59221762448682,0.0,-0.12192343204067413
0.21825396825396826,0.7817460317460317,118.33251626255115,True,21.992017425318792,21.992017425318792,0.8795916993021651,0.8795916993021651,0.8795916993021651,-0.005792102294848167,0.6853940389994806,0.0,0.0,-0.009867396018212408,0.0003426970194997403,0.084470387371336,-82.20600900695125,104.08429906207846,-21.992017425318792,0.0,-0.11372737019158308
0.2222222222222222,0.7777777777777778,118.30493714099768,True,21.947324298968795,21.947324298968795,0.879700347972621,0.879700347972621,0.879700347972621,0.00010864867045590199,-0.012853674128738456,0.0,0.0,-0.009787012192369925,6.426837064369228e-06,0.08447681420840036,-82.22865612010943,104.0728943698147,-21.947324298968795,0.0,-0.10308604926352416
0.22619047619047616,0.7738095238095238,117.87751449852573,True,21.55159557043143,21.55159557043143,0.8759127420814028,0.8759127420814028,0.8759127420814028,-0.003787605891218182,0.4464735683567727,0.0,0.0,-0.00978970843775732,0.00022323678417838634,0.08470005099257875,-81.79219549697459,103.25041695414399,-21.55159557043143,0.0,-0.09337411326202982
0.23015873015873015,0.7698412698412699,118.30448430792491,True,21.906014279380685,21.906014279380685,0.8804502143669539,0.8804502143669539,0.8804502143669539,0.004537472285551125,-0.5368033188036273,0.0,0.0,-0.009737745746809157,0.0002684016594018136,0.08496845265198057,-82.33900496318442,104.16120856948442,-21.906014279380685,0.0,-0.08381067308069134
0.23412698412698413,0.7658730158730158,120.24479375522448,True,23.611971980845993,23.611971980845993,0.8983307206621303,0.8983307206621303,0.8983307206621303,0.017880506295176346,-2.1500377917024727,0.0,0.0,-0.009802845986771499,0.0010750188958512364,0.0860434715478318,-84.49992061976951,108.01959223000003,-23.611971980845993,0.0,-0.09230037061547591
0.23809523809523808,0.7619047619047619,119.41079344387732,True,22.845697418527735,22.845697418527735,0.8914731785477947,0.8914731785477947,0.8914731785477947,-0.006857542114335535,0.8188645449476104,0.0,0.0,-0.010060113163869136,0.0004094322724738052,0.08645290382030561,-83.69152562025825,106.45151958432749,-22.845697418527735,0.0,-0.08570345445849625
0.24206349206349204,0.7579365079365079,117.94216243045952,True,21.525774565623507,21.525774565623507,0.8780744596551141,0.8780744596551141,0.8780744596551141,-0.013398718892680628,1.5802738800006053,0.0,0.0,-0.009963869935277434,0.0007901369400003027,0.08724304076030591,-82.12200574713292,103.56200054668145,-21.525774565623507,0.0,-0.08577976607497817
0.24603174603174602,0.753968253968254,116.46583557503844,True,20.219319236815323,20.219319236815323,0.8631982276131713,0.8631982276131713,0.8631982276131713,-0.014876232041942772,1.7325727949730252,0.0,0.0,-0.009777011209011503,0.0008662863974865126,0.08810932715779242,-80.40007624976639,100.53310284586021,-20.219319236815323,0.0,-0.08629264072149567
0.25,0.75,115.05824840645577,True,18.99358310746615,18.99358310746615,0.847635712165058,0.847635712165058,0.847635712165058,-0.015562515448113379,1.7905957682583344,0.0,0.0,-0.009572007399816696,0.0008952978841291672,0.08900462504192158,-78.619947786792,97.52748032847029,-18.99358310746615,0.0,-0.08605056578785764
0.25396825396825395,0.746031746031746,113.0067993020691,True,17.258103356176974,17.258103356176974,0.8221993392779384,0.8221993392779384,0.8221993392779384,-0.02543637288711953,2.8744830858273085,0.0,0.0,-0.00936007472991124,0.0014372415429136543,0.09044186658483523,-75.75626201723752,92.9141157200758,-17.258103356176974,0.0,-0.10024965333869318
0.2579365079365079,0.7420634920634921,111.71888738182317,True,16.18755124986602,16.18755124986602,0.804709493438299,0.804709493438299,0.804709493438299,-0.017489845839639417,1.9539461176841244,0.0,0.0,-0.009019139463982249,0.0009769730588420622,0.0914188396436773,-73.81231201207622,89.90124927251729,-16.18755124986602,0.0,-0.09861398942494759
0.26190476190476186,0.7380952380952381,113.55860869572638,True,17.669091283225143,17.669091283225143,0.8301535177504269,0.8301535177504269,0.8301535177504269,0.02544402431212789,-2.8893880005054795,0.0,0.0,-0.008787703068617739,0.0014446940002527397,0.09286353364393003,-76.71193240965057,94.27107847960147,-17.669091283225143,0.0,-0.10994521327424422
0.26587301587301587,0.7341269841269842,112.71739243196426,True,16.9527206248425,16.9527206248425,0.819326559697265,0.819326559697265,0.819326559697265,-0.010826958053161917,1.2203864797226676,0.0,0.0,-0.009132916521102765,0.0006101932398613338,0.09347372688379137,-75.50128903968886,92.35235335932781,-16.9527206248425,0.0,-0.10165630520354796
0.2698412698412698,0.7301587301587302,113.08759198317868,True,17.234370344655844,17.234370344655844,0.8246685208235722,0.8246685208235722,0.8246685208235722,0.005341961126307249,-0.6041095202418357,0.0,0.0,-0.008988783731230613,0.00030205476012091793,0.09377578164391229,-76.11468939842204,93.25977720426764,-17.234370344655844,0.0,-0.08928253881025228
0.2738095238095238,0.7261904761904763,111.37144080079399,True,15.8162283445606,15.8162283445606,0.800934517872071,0.800934517872071,0.800934517872071,-0.023734002951501187,2.6432901046789845,0.0,0.0,-0.009061811930291075,0.0013216450523394923,0.09509742669625178,-73.4817827507257,89.20123124250183,-15.8162283445606,0.0,-0.09677985278446499
0.2777777777777778,0.7222222222222222,111.61416934287412,True,15.98791702330253,15.98791702330253,0.804808653866334,0.804808653866334,0.804808653866334,0.003874135994263006,-0.43240847092099516,0.0,0.0,-0.008748352004749658,0.00021620423546049757,0.09531363093171227,-73.9231557778869,89.82804938124757,-15.98791702330253,0.0,-0.0830234199418669
0.28174603174603174,0.7182539682539683,109.19725275846379,True,14.063201366684183,14.063201366684183,0.7675998186253722,0.7675998186253722,0.7675998186253722,-0.03720883524096186,4.063102586655347,0.0,0.0,-0.00880089954051246,0.0020315512933276733,0.09734518222503995,-69.8708856420654,83.81979141178573,-14.063201366684183,0.0,-0.11429559696385638
0.2857142857142857,0.7142857142857143,108.24444950918483,True,13.315263915428616,13.315263915428616,0.7517388014190951,0.7517388014190951,0.7517388014190951,-0.015861017206277084,1.7168670761491716,0.0,0.0,-0.008318457712899737,0.0008584335380745858,0.09820361576311454,-68.1631954571672,81.37155273430436,-13.315263915428616,0.0,-0.10690663829146274
0.28968253968253965,0.7103174603174603,111.36758358043994,True,15.720013011958372,15.720013011958372,0.8021814316958921,0.8021814316958921,0.8021814316958921,0.05044263027679696,-5.617673843368416,0.0,0.0,-0.00811514916085732,0.002808836921684208,0.10101245268479875,-73.79179328661816,89.33700764106923,-15.720013011958372,0.0,-0.17479865750729573
0.2936507936507936,0.7063492063492064,110.55700261907178,True,15.051092822209498,15.051092822209498,0.7902191358182844,0.7902191358182844,0.7902191358182844,-0.011962295877607665,1.3225155766707821,0.0,0.0,-0.008785260217801166,0.0006612577883353912,0.10167371047313414,-72.47872422795352,87.36425906830272,-15.051092822209498,0.0,-0.16555798186030302
0.2976190476190476,0.7023809523809523,112.13251117534722,True,16.291665846311375,16.291665846311375,0.8139895737377207,0.8139895737377207,0.8139895737377207,0.023770437919436338,-2.6654388956440926,0.0,0.0,-0.008628933167725205,0.0013327194478220462,0.10300642992095618,-75.15412477621317,91.27469497376109,-16.291665846311375,0.0,-0.17109564876345473
0.30158730158730157,0.6984126984126984,112.78170464684065,True,16.800145105943912,16.800145105943912,0.8234461356629239,0.8234461356629239,0.8234461356629239,0.009456561925203166,-1.0665271740228224,0.0,0.0,-0.008947452192083585,0.0005332635870114112,0.1035396935079676,-76.2301326660151,92.86965886491816,-16.800145105943912,0.0,-0.16061890704084192
0.3055555555555555,0.6944444444444444,112.56900101467315,True,16.602275304311632,16.602275304311632,0.8208764848693211,0.8208764848693211,0.8208764848693211,-0.002569650793602829,0.28926302279243254,0.0,0.0,-0.009075555994515927,0.00014463151139621625,0.10368432501936381,-75.95008983072857,92.40524585817593,-16.602275304311632,0.0,-0.14711927686427373
0.30952380952380953,0.6904761904761905,111.65237889953883,True,15.832405659320813,15.832405659320813,0.8081107633381256,0.8081107633381256,0.8081107633381256,-0.012765721531195484,1.4253231773270392,0.0,0.0,-0.009042215577234468,0.0007126615886635196,0.10439698660802733,-74.53452153056743,90.22748914102395,-15.832405659320813,0.0,-0.13943804886429234
0.3134920634920635,0.6865079365079365,113.48191690170344,True,17.31193097971901,17.31193097971901,0.8340647371953789,0.8340647371953789,0.8340647371953789,0.025953973857253287,-2.945306704537801,0.0,0.0,-0.008873685510148522,0.0014726533522689007,0.10586963996029623,-77.49017457396765,94.65126519704711,-17.31193097971901,0.0,-0.15084035663954865
0.31746031746031744,0.6825396825396826,113.23308153579661,True,17.081937719104204,17.081937719104204,0.8311409632573833,0.8311409632573833,0.8311409632573833,-0.0029237739379955885,0.3310679327132916,0.0,0.0,-0.009225569912780538,0.00016553396635664582,0.10603517392665288,-77.16849774513351,94.11265246026382,-17.081937719104204,0.0,-0.13778300397389387
0.3214285714285714,0.6785714285714286,115.4377917075636,True,18.92370124010081,18.92370124010081,0.8593323337880454,0.8593323337880454,0.8593323337880454,0.02819137053066212,-3.2543495592693206,0.0,0.0,-0.009187272772658623,0.0016271747796346603,0.10766234870628753,-80.43366175195513,99.1994269553989,-18.92370124010081,0.0,-0.15793603665703415
0.32539682539682535,0.6746031746031746,114.40124059504467,True,18.016980465111914,18.016980465111914,0.8471700337220424,0.8471700337220424,0.8471700337220424,-0.012162300066003051,1.3913822160399427,0.0,0.0,-0.00957600591188873,0.0006956911080199713,0.1083580398143075,-79.05255123293509,96.91730285274747,-18.016980465111914,0.0,-0.15222884529953262
0.32936507936507936,0.6706349206349207,114.48845739406235,True,18.068500392152075,18.068500392152075,0.8486918523899805,0.8486918523899805,0.8486918523899805,0.0015218186679381018,-0.1742306717257201,0.0,0.0,-0.009411578205788602,8.711533586286005e-05,0.10844515515017036,-79.23628059820246,97.16542098303813,-18.068500392152075,0.0,-0.13936000731639808
0.3333333333333333,0.6666666666666667,115.16644495555148,True,18.624594929088758,18.624594929088758,0.8574301292077275,0.8574301292077275,0.8574301292077275,0.008738276817747082,-1.006356276137441,0.0,0.0,-0.009433452051261577,0.0005031781380687204,0.10894833328823908,-80.25257350452922,98.74717977863315,-18.624594929088758,0.0,-0.12998865498482814
0.33730158730158727,0.6626984126984128,115.71375222696673,True,19.073729949624877,19.073729949624877,0.8643210716907006,0.8643210716907006,0.8643210716907006,0.0068909424829730614,-0.7973768110850238,0.0,0.0,-0.00955444650392255,0.00039868840554251186,0.10934702169378159,-81.05990345052372,100.01383433416407,-19.073729949624877,0.0,-0.11979906598452317
0.3412698412698413,0.6587301587301587,113.93347584144189,True,17.531339884599333,17.531339884599333,0.8429147545945852,0.8429147545945852,0.8429147545945852,-0.0214063170961154,2.4388961117245085,0.0,0.0,-0.009650562932881478,0.0012194480558622544,0.11056646974964385,-78.63187734978796,96.03620782899709,-17.531339884599333,0.0,-0.12700940539019712
0.34523809523809523,0.6547619047619048,112.98872232872768,True,16.717755553640743,16.717755553640743,0.8306853299316894,0.8306853299316894,0.8306853299316894,-0.012229424662895783,1.3817870674760255,0.0,0.0,-0.009361495000520427,0.0006908935337380128,0.11125736328338186,-77.2601426708462,93.8580740861992,-16.717755553640743,0.0,-0.11982413828773986
0.3492063492063492,0.6507936507936508,112.71455662092391,True,16.46723302495711,16.46723302495711,0.8272880546967842,0.8272880546967842,0.8272880546967842,-0.003397275234905184,0.38292237182158295,0.0,0.0,-0.0091981835322996,0.00019146118591079146,0.11144882446929265,-76.88660994374283,93.24740628293469,-16.46723302495711,0.0,-0.1064366857652459
0.35317460317460314,0.6468253968253969,111.51316520190586,True,15.459908480441669,15.459908480441669,0.8101742608309364,0.8101742608309364,0.8101742608309364,-0.01711379386584788,1.908413322593658,0.0,0.0,-0.009153712703480983,0.0009542066612968291,0.11240303113058948,-74.98830454051395,90.34509619037217,-15.459908480441669,0.0,-0.10311683058344556
0.3571428571428571,0.6428571428571429,112.47329709227417,True,16.221162635807573,16.221162635807573,0.8247117975258316,0.8247117975258316,0.8247117975258316,0.014537536694895214,-1.635084683674787,0.0,0.0,-0.008927710512757045,0.0008175423418373934,0.11322057347242688,-76.63313447704333,92.75805501862631,-16.221162635807573,0.0,-0.09624209422459273
0.3611111111111111,0.6388888888888888,113.31412872575557,True,16.896452934316386,16.896452934316386,0.8368800623079344,0.8368800623079344,0.8368800623079344,0.012168264782102867,-1.3788363218882822,0.0,0.0,-0.009123535256442472,0.0006894181609441412,0.11390999163337102,-78.021783752349,94.83033510837961,-16.896452934316386,0.0,-0.08790157828576639
0.36507936507936506,0.6349206349206349,110.55869962362888,True,14.62085693829981,14.62085693829981,0.7964652685528117,0.7964652685528117,0.7964652685528117,-0.04041479375512269,4.468207043123522,0.0,0.0,-0.009288860486951996,0.0022341035215617607,0.11614409515493279,-73.56509967323399,88.05616438658322,-14.62085693829981,0.0,-0.1297922249505774
0.369047619047619,0.6309523809523809,108.07681424367969,True,12.670701705199193,12.670701705199193,0.7541160459123404,0.7541160459123404,0.7541160459123404,-0.04234922264047136,4.576969068678458,0.0,0.0,-0.008758271276421762,0.002288484534339229,0.11843257968927202,-68.99917736036629,81.50245981224624,-12.670701705199193,0.0,-0.16741925331923824
0.373015873015873,0.626984126984127,106.35001899229151,True,11.370968516972852,11.370968516972852,0.7213020521973151,0.7213020521973151,0.7213020521973151,-0.03281399371502525,3.4897688548058694,0.0,0.0,-0.008214676740143138,0.0017448844274029348,0.12017746411667496,-65.51936806672796,76.7104869503633,-11.370968516972852,0.0,-0.17984963333751125
0.376984126984127,0.623015873015873,106.51147586933942,True,11.462013496490911,11.462013496490911,0.7247236916890287,0.7247236916890287,0.7247236916890287,0.0034216394917135906,-0.3644438721552309,0.0,0.0,-0.007800389069504844,0.00018222193607761545,0.12035968605275257,-65.89179454988877,77.19138999927456,-11.462013496490911,0.0,-0.16241804710512042
0.38095238095238093,0.6190476190476191,109.27940845056756,True,13.515928655172772,13.515928655172772,0.7765573088635045,0.7765573088635045,0.7765573088635045,0.051833617174475766,-5.664347022679891,0.0,0.0,-0.007844728194776673,0.0028321735113399455,0.12319185956409252,-71.56681847427478,84.86172334056846,-13.515928655172772,0.0,-0.22102378887909424
0.3849206349206349,0.6150793650793651,108.7585651336536,True,13.088682254767846,13.088682254767846,0.7677154373190731,0.7677154373190731,0.7677154373190731,-0.00884187154443139,0.9616292622684397,0.0,0.0,-0.008520366496780367,0.0004808146311342199,0.12367267419522675,-70.61419039313427,83.49562939377778,-13.088682254767846,0.0,-0.20724325412433586
0.38888888888888884,0.6111111111111112,109.10688622938652,True,13.33208469156591,13.33208469156591,0.7742441850302866,0.7742441850302866,0.7742441850302866,0.006528747711213478,-0.7123313337477366,0.0,0.0,-0.008406951641132431,0.00035616566687386833,0.12402883986210061,-71.33528484419001,84.47537220986356,-13.33208469156591,0.0,-0.19199732589235907
0.39285714285714285,0.6071428571428572,107.65952955412092,True,12.204798226737864,12.204798226737864,0.7480569280864898,0.7480569280864898,0.7480569280864898,-0.026187256943796755,2.819307762882045,0.0,0.0,-0.008492801328638076,0.0014096538814410227,0.12543849374354163,-68.52587953651805,80.53545695749236,-12.204798226737864,0.0,-0.1952208057635545
0.3968253968253968,0.6031746031746033,106.25315795618326,True,11.145976131738365,11.145976131738365,0.7206088676341006,0.7206088676341006,0.7206088676341006,-0.027448060452389234,2.91644310283858,0.0,0.0,-0.008158328407112725,0.0014582215514192902,0.1268967152949609,-65.619052983638,76.56696783735245,-11.145976131738365,0.0,-0.19806127802391416
0.40079365079365076,0.5992063492063493,103.66924133086827,True,9.328146795975812,9.328146795975812,0.6650487160261975,0.6650487160261975,0.6650487160261975,-0.05556015160790306,5.759878765419332,0.0,0.0,-0.007812257027930017,0.0028799393827096662,0.12977665467767058,-59.869866414629314,68.94509583850396,-9.328146795975812,0.0,-0.25291737210116594
0.40476190476190477,0.5952380952380952,103.63633971566139,True,9.27978531522902,9.27978531522902,0.6643473801820272,0.6643473801820272,0.6643473801820272,-0.0007013358441703144,0.07268387980120486,0.0,0.0,-0.0071277893141119255,3.634193990060243e-05,0.12981299661757117,-59.80434666608212,68.85053078175423,-9.27978531522902,0.0,-0.23360119955690806
0.4087301587301587,0.5912698412698413,104.88468712259271,True,10.100170638963128,10.100170638963128,0.6922878648493301,0.6922878648493301,0.6922878648493301,0.027940484667302923,-2.9305289923836657,0.0,0.0,-0.00711998887974443,0.001465264496191833,0.131278261113763,-62.74346091184172,72.61039610348973,-10.100170638963128,0.0,-0.23323544731511703
0.4126984126984127,0.5873015873015873,104.41851780486053,True,9.753264756103654,9.753264756103654,0.6821369194866456,0.6821369194866456,0.6821369194866456,-0.010150945362684571,1.0599466690896453,0.0,0.0,-0.007469904260694077,0.0005299733345448226,0.13180823444830783,-61.691514120347314,71.22772607276902,-9.753264756103654,0.0,-0.2170528036819519
0.41666666666666663,0.5833333333333334,106.27609429701046,True,11.031566882088285,11.031566882088285,0.7222134222913404,0.7222134222913404,0.7222134222913404,0.04007650280469488,-4.259174191166157,0.0,0.0,-0.007344665045234661,0.0021295870955830784,0.13393782154389092,-65.96016256365428,76.75402177000113,-11.031566882088285,0.0,-0.23770767574143292
0.4206349206349206,0.5793650793650794,106.54557100767248,True,11.200629269053806,11.200629269053806,0.7280004113753746,0.7280004113753746,0.7280004113753746,0.005786989084034189,-0.6165780563735902,0.0,0.0,-0.00785286772852091,0.0003082890281867951,0.13424611057207772,-66.58490177678458,77.56521952380976,-11.200629269053806,0.0,-0.22031152202862359
0.4246031746031746,0.5753968253968254,106.50093013045851,True,11.141774510726108,11.141774510726108,0.7273424496508784,0.7273424496508784,0.7273424496508784,-0.000657961724496281,0.07007353564909441,0.0,0.0,-0.007927245871552288,3.503676782454721e-05,0.13428114733990226,-66.52279052377486,77.46264741118473,-11.141774510726108,0.0,-0.20191762331623408
0.42857142857142855,0.5714285714285714,107.20149428541288,True,11.630074569230246,11.630074569230246,0.7418133965066013,0.7418133965066013,0.7418133965066013,0.014470946855722921,-1.5513071266582943,0.0,0.0,-0.007919851234617194,0.0007756535633291472,0.1350568009032314,-68.0827931552311,79.52350458644513,-11.630074569230246,0.0,-0.18936313801621907
0.4325396825396825,0.5674603174603174,107.86605765353616,True,12.101327604857175,12.101327604857175,0.7551902681136397,0.7551902681136397,0.7551902681136397,0.013376871607038376,-1.4429104039887524,0.0,0.0,-0.008105576888479071,0.0007214552019943763,0.1357782561052258,-69.53453059131033,81.45939699973529,-12.101327604857175,0.0,-0.17646119643221425
0.4365079365079365,0.5634920634920635,109.44158472276753,True,13.288962785321445,13.288962785321445,0.7848291972073829,0.7848291972073829,0.7848291972073829,0.029638929093743216,-3.2437313695049976,0.0,0.0,-0.008278413061389812,0.001621865684752499,0.1374001217899783,-72.78816223956147,85.89295107907341,-13.288962785321445,0.0,-0.18417394580950486
0.44047619047619047,0.5595238095238095,108.34568933592152,True,12.413756394728765,12.413756394728765,0.7650989302427195,0.7650989302427195,0.7650989302427195,-0.0197302669646634,2.137689375068216,0.0,0.0,-0.008665773219066631,0.001068844687534108,0.1384689664775124,-70.66020748239985,82.89517100732357,-12.413756394728765,0.0,-0.1787928698050507
0.4444444444444444,0.5555555555555556,105.27120398248483,True,10.12896464723272,10.12896464723272,0.7022689957820629,0.7022689957820629,0.7022689957820629,-0.06282993446065654,6.614182846813929,0.0,0.0,-0.008412430192142755,0.0033070914234069643,0.14177605790091935,-64.05774415720147,73.92870270554833,-10.12896464723272,0.0,-0.2580060988858577
0.4484126984126984,0.5515873015873016,105.42768528397302,True,10.212108527162627,10.212108527162627,0.7059212965595812,0.7059212965595812,0.7059212965595812,0.0036523007775183247,-0.3850536169346119,0.0,0.0,-0.007626375865409441,0.00019252680846730595,0.14196858470938667,-64.45061667680996,74.42364828893771,-10.212108527162627,0.0,-0.23907691503487172
0.45238095238095233,0.5476190476190477,104.62249337020464,True,9.623687647635613,9.623687647635613,0.6880479697315733,0.6880479697315733,0.6880479697315733,-0.017873326828007907,1.8699520175667579,0.0,0.0,-0.00767314918752912,0.000934976008783379,0.14290356071817004,-62.58927278443951,71.98529415162429,-9.623687647635613,0.0,-0.22766628045083337
0.45634920634920634,0.5436507936507937,104.59082704217462,True,9.574598983981929,9.574598983981929,0.6874774749516567,0.6874774749516567,0.6874774749516567,-0.0005704947799166638,0.05966852085472726,0.0,0.0,-0.0074515474385951404,2.983426042736363e-05,0.1429333949785974,-62.5370856452838,71.90383767805966,-9.574598983981929,0.0,-0.2078469512060721
0.4603174603174603,0.5396825396825398,106.81130191508386,True,11.129087320018655,11.129087320018655,0.7363517918266379,0.7363517918266379,0.7363517918266379,0.04887431687498123,-5.220329415627098,0.0,0.0,-0.00744533431411225,0.002610164707813549,0.14554355968641094,-67.76747055993283,78.650693552508,-11.129087320018655,0.0,-0.24586432744348485
0.46428571428571425,0.5357142857142858,105.34165510076903,True,10.042615119266003,10.042615119266003,0.7048749141581773,0.7048749141581773,0.7048749141581773,-0.031476877668460634,3.315826391000079,0.0,0.0,-0.008068036249759426,0.0016579131955000396,0.147201472881911,-64.461370118378,74.25269009643489,-10.042615119266003,0.0,-0.25129514120911267
0.46825396825396826,0.5317460317460317,106.36580558800772,True,10.748946405403913,10.748946405403913,0.7275629985649639,0.7275629985649639,0.7275629985649639,0.0226880844067866,-2.413236375176573,0.0,0.0,-0.007674429435348078,0.0012066181875882865,0.1484080910694993,-66.88348754117752,77.38782445838889,-10.748946405403913,0.0,-0.24460948819253758
0.4722222222222222,0.5277777777777778,107.64520094767414,True,11.670191426446692,11.670191426446692,0.75448000284354,0.75448000284354,0.75448000284354,0.02691700427857613,-2.897486334476732,0.0,0.0,-0.007962793911797555,0.0014487431672383661,0.14985683423673765,-69.79038541273329,81.21615151709462,-11.670191426446692,0.0,-0.2444253220853625
0.47619047619047616,0.5238095238095238,108.27616603106695,True,12.123642824022781,12.123642824022781,0.7673857763170191,0.7673857763170191,0.7673857763170191,0.012905773473479099,-1.3973876713737625,0.0,0.0,-0.008308873781804196,0.0006986938356868813,0.15055552807242453,-71.19678065172454,83.08958972638077,-12.123642824022781,0.0,-0.23083374936655332
0.4801587301587301,0.5198412698412699,109.81713978911706,True,13.302749825064453,13.302749825064453,0.7966374031459549,0.7966374031459549,0.7966374031459549,0.029251626828935784,-3.212329992532328,0.0,0.0,-0.00847631175279406,0.001606164996266164,0.1521616930686907,-74.41919312100592,87.48444106251853,-13.302749825064453,0.0,-0.2375018835518432
0.4841269841269841,0.5158730158730159,109.18912578333737,True,12.779758511327088,12.779758511327088,0.7856882254860107,0.7856882254860107,0.7856882254860107,-0.010949177659944187,1.1955311367357535,0.0,0.0,-0.008859955120312788,0.0005977655683678766,0.1527594586370586,-73.23311970495885,85.78861047907915,-12.779758511327088,0.0,-0.2242677372067874
0.4880952380952381,0.5119047619047619,108.25991377864284,True,12.031118402749115,12.031118402749115,0.7683727784723223,0.7683727784723223,0.7683727784723223,-0.017315447013688368,1.8745688007405614,0.0,0.0,-0.00871874749906801,0.0009372844003702806,0.15369674303742886,-71.36820693611773,83.18397074726985,-12.031118402749115,0.0,-0.21535459159699144
0.49206349206349204,0.5079365079365079,109.69069926725965,True,13.123979901165939,13.123979901165939,0.7959037258477368,0.7959037258477368,0.7959037258477368,0.027530947375414505,-3.0198888690993435,0.0,0.0,-0.008496720858596861,0.001509944434549672,0.15520668747197852,-74.39810247051022,87.30323623765557,-13.123979901165939,0.0,-0.21884613402059472
0.496031746031746,0.503968253968254,110.69505740418168,True,13.906687443211666,13.906687443211666,0.8141053354918011,0.8141053354918011,0.8141053354918011,0.018201609644064254,-2.0148282243981996,0.0,0.0,-0.008857444179129294,0.0010074141121990997,0.15621410158417762,-76.42279555319975,90.11743684531551,-13.906687443211666,0.0,-0.21204615109590463
0.5,0.5,112.65566912734488,True,15.509689423373402,15.509689423373402,0.8459949136794107,0.8459949136794107,0.8459949136794107,0.031889578187609624,-3.5925417689139443,0.0,0.0,-0.009098493417809812,0.0017962708844569723,0.15801037246863459,-80.02623208641596,95.30612307888438,-15.509689423373402,0.0,-0.2297984309049781
0.503968253968254,0.49603174603174605,112.96186349725461,True,15.745099384058832,15.745099384058832,0.8511403147074132,0.8511403147074132,0.8511403147074132,0.005145401028002539,-0.5812340885638563,0.0,0.0,-0.009527499493047403,0.0002906170442819281,0.15830098951291652,-80.61728429151714,96.14639604698915,-15.745099384058832,0.0,-0.21598762858681653
0.5079365079365079,0.4920634920634921,115.30086457669795,True,17.75071443209626,17.75071443209626,0.8830153056434809,0.8830153056434809,0.8830153056434809,0.031874990936067604,-3.6752140133030053,0.0,0.0,-0.009597867039258814,0.0018376070066515027,0.16013859651956802,-84.30393377886605,101.81242817515053,-17.75071443209626,0.0,-0.24222003581178342
0.5119047619047619,0.48809523809523814,114.89638601498659,True,17.371459527128835,17.371459527128835,0.8786881627072036,0.8786881627072036,0.8786881627072036,-0.0043271429362772285,0.497173085148531,0.0,0.0,-0.010036780008244175,0.0002485865425742655,0.16038718306214228,-83.81704606026834,100.9580943292062,-17.371459527128835,0.0,-0.2304112581909692
0.5158730158730158,0.4841269841269842,113.37620330811642,True,16.026677451881184,16.026677451881184,0.8590575385571709,0.8590575385571709,0.8590575385571709,-0.019630624150032694,2.2256456346993265,0.0,0.0,-0.009978813734296633,0.0011128228173496633,0.16150000587949195,-81.60249206212066,97.39668214482786,-16.026677451881184,0.0,-0.23248736917398105
0.5198412698412698,0.48015873015873023,110.50782058085463,True,13.59926031715004,13.59926031715004,0.8143917274715173,0.8143917274715173,0.8143917274715173,-0.044665811085653595,4.935921437551755,0.0,0.0,-0.009715160660240937,0.0024679607187758777,0.16396796659826784,-76.67875374594792,89.9966549019547,-13.59926031715004,0.0,-0.2813591611432571
0.5238095238095237,0.4761904761904763,108.9892903291806,True,12.35648578733803,12.35648578733803,0.7870482524681454,0.7870482524681454,0.7870482524681454,-0.027343475003371975,2.980145935751201,0.0,0.0,-0.009128966445066876,0.0014900729678756005,0.16545803956614344,-73.70922684960965,85.77983049132493,-12.35648578733803,0.0,-0.28588214562275027
0.5277777777777778,0.4722222222222222,110.12339182358821,True,13.234882761118683,13.234882761118683,0.8087874798856329,0.8087874798856329,0.8087874798856329,0.021739227417487572,-2.3939974588380757,0.0,0.0,-0.008775430294959218,0.0011969987294190377,0.16665503829556247,-76.11319673747211,89.06642054945802,-13.234882761118683,0.0,-0.2816589491327761
0.5317460317460317,0.46825396825396826,108.11384549151404,True,11.620054256579934,11.620054256579934,0.7706874036393978,0.7706874036393978,0.7706874036393978,-0.038100076246235126,4.119145756500369,0.0,0.0,-0.009061634221981274,0.0020595728782501843,0.16871461117381265,-72.00517218807197,83.32197887932597,-11.620054256579934,0.0,-0.30324756532593256
0.5357142857142857,0.4642857142857143,107.50369569262365,True,11.125800824474652,11.125800824474652,0.7584380754229162,0.7584380754229162,0.7584380754229162,-0.012249328216481614,1.3168480530237079,0.0,0.0,-0.008572554569079812,0.0006584240265118539,0.1693730352003245,-70.69755511364386,81.53489606196433,-11.125800824474652,0.0,-0.2884598761541781
0.5396825396825397,0.46031746031746035,110.39947420933139,True,13.380091225571974,13.380091225571974,0.8156004382936138,0.8156004382936138,0.8156004382936138,0.05716236287069765,-6.310694805488027,0.0,0.0,-0.008416876603381505,0.0031553474027440137,0.17252838260306852,-77.019822143138,90.04185955251519,-13.380091225571974,0.0,-0.3580538161947828
0.5436507936507936,0.4563492063492064,111.58801813999145,True,14.336127324351011,14.336127324351011,0.8365589484081981,0.8365589484081981,0.8365589484081981,0.020958510114584272,-2.338718606853424,0.0,0.0,-0.009169572242648524,0.001169359303426712,0.17369774190649523,-79.3688796815375,93.34995511014618,-14.336127324351011,0.0,-0.355051895742335
0.5476190476190476,0.45238095238095244,114.1390733872062,True,16.49642246784647,16.49642246784647,0.8751884139911319,0.8751884139911319,0.8751884139911319,0.038629465582933786,-4.409131407079036,0.0,0.0,-0.009449238596077145,0.002204565703539518,0.17590230761003475,-83.78966489291616,99.8931946121664,-16.49642246784647,0.0,-0.392892748596239
0.5515873015873015,0.4484126984126985,112.72653259405774,True,15.249258070770068,15.249258070770068,0.855855937935387,0.855855937935387,0.855855937935387,-0.01933247605574495,2.1792829922217742,0.0,0.0,-0.009975553877481367,0.001089641496110887,0.17699194910614563,-81.62144709606798,96.47767228349126,-15.249258070770068,0.0,-0.3930328833467911
0.5555555555555556,0.4444444444444444,109.29074661416462,True,12.378499155778783,12.378499155778783,0.7975715035588691,0.7975715035588691,0.7975715035588691,-0.05828443437651787,6.36994934899392,0.0,0.0,-0.009717417346225212,0.00318497467449696,0.1801769237806426,-75.26440013909479,87.16718510213066,-12.378499155778783,0.0,-0.47571419274291316
0.5595238095238095,0.44047619047619047,111.40319614154106,True,14.07865518054507,14.07865518054507,0.8363223143740652,0.8363223143740652,0.8363223143740652,0.03875081081519616,-4.316964177889048,0.0,0.0,-0.008960580992934983,0.0021584820889445243,0.18233540586958713,-79.59248338006572,93.16897882576156,-14.07865518054507,0.0,-0.5021597348492293
0.5634920634920635,0.4365079365079365,109.43643761564464,True,12.440474300508555,12.440474300508555,0.8016682906381403,0.8016682906381403,0.8016682906381403,-0.034654023735924966,3.792412906707621,0.0,0.0,-0.009475859668553362,0.0018962064533538105,0.18423161232294094,-75.81144253948,87.73172187686131,-12.440474300508555,0.0,-0.5201949631272385
0.5674603174603174,0.43253968253968256,109.56621983013797,True,12.517462462357017,12.517462462357017,0.8048232803028459,0.8048232803028459,0.8048232803028459,0.003154989664705621,-0.3456802911649493,0.0,0.0,-0.009025708964806974,0.00017284014558247466,0.1844044524685234,-76.16632137975535,88.18144445407437,-12.517462462357017,0.0,-0.5023393880379956
0.5714285714285714,0.4285714285714286,109.8706663893391,True,12.736303500783578,12.736303500783578,0.8112796339317967,0.8112796339317967,0.8112796339317967,0.006456353628950806,-0.7093638756580529,0.0,0.0,-0.009067958960622916,0.00035468193782902643,0.18475913440635244,-76.88510789631185,89.13583400818558,-12.736303500783578,0.0,-0.4855773889098458
0.5753968253968254,0.42460317460317465,108.56929420630425,True,11.668932663160732,11.668932663160732,0.7863397541325068,0.7863397541325068,0.7863397541325068,-0.02493987979928991,2.7077051473989706,0.0,0.0,-0.009153533877666447,0.0013538525736994853,0.18611298698005194,-74.18791013536425,85.37235211252508,-11.668932663160732,0.0,-0.4844906859999014
0.5793650793650793,0.4206349206349207,110.71835626516611,True,13.377561256909487,13.377561256909487,0.8282066039992824,0.8282066039992824,0.8282066039992824,0.04186684986677558,-4.635428799249881,0.0,0.0,-0.008832419792570856,0.0023177143996249406,0.18843070137967688,-78.83448906880632,91.69767384275589,-13.377561256909487,0.0,-0.5143764829599178
0.5833333333333333,0.41666666666666674,112.90526977162698,True,15.204011814766588,15.204011814766588,0.86467603952743,0.86467603952743,0.86467603952743,0.03646943552814763,-4.117591456724465,0.0,0.0,-0.00938561687905831,0.002058795728362233,0.1904894971080391,-82.9635249381382,97.62648150790648,-15.204011814766588,0.0,-0.5410552449983186
0.5873015873015872,0.4126984126984128,113.69692694201234,True,15.868836451686448,15.868836451686448,0.8769131248130291,0.8769131248130291,0.8769131248130291,0.01223708528559908,-1.391318991699933,0.0,0.0,-0.009877198028466339,0.0006956594958499665,0.19118515660388907,-84.36541678736245,99.70232748635871,-15.868836451686448,0.0,-0.531925752690185
0.5912698412698413,0.4087301587301587,113.65920118863076,True,15.811442778754582,15.811442778754582,0.8772119783537746,0.8772119783537746,0.8772119783537746,0.00029885354074554726,-0.03396745471353282,0.0,0.0,-0.010044099849713755,1.698372735676641e-05,0.19120214033124583,-84.40944532565305,99.70321273278849,-15.811442778754582,0.0,-0.5176753716191485
0.5952380952380952,0.40476190476190477,113.93818536529592,True,16.0326068868972,16.0326068868972,0.8819018261097799,0.8819018261097799,0.8819018261097799,0.004689847756005228,-0.5343527429587408,0.0,0.0,-0.010049341654373387,0.00026717637147937037,0.1914693167027252,-84.95411458663766,100.48229373728907,-16.0326068868972,0.0,-0.5044277362457876
0.5992063492063492,0.4007936507936508,112.38029459431742,True,14.650618846936013,14.650618846936013,0.8599504497189583,0.8599504497189583,0.8599504497189583,-0.021951376390821564,2.4669021455512716,0.0,0.0,-0.010114187092832936,0.0012334510727756358,0.19270276777550086,-82.498560079252,96.64148487593228,-14.650618846936013,0.0,-0.5076940502557363
0.6031746031746031,0.39682539682539686,112.04676954941539,True,14.338943481815292,14.338943481815292,0.8554999185928674,0.8554999185928674,0.8554999185928674,-0.00445053112609084,0.49866763545760046,0.0,0.0,-0.009821841774125394,0.0002493338177288002,0.19295210159322965,-82.00996361938626,95.85600222811864,-14.338943481815292,0.0,-0.49290487308290665
0.6071428571428571,0.3928571428571429,111.90317836701824,True,14.190375656470366,14.190375656470366,0.8540234721883108,0.8540234721883108,0.8540234721883108,-0.001476446404556686,0.1652190453584496,0.0,0.0,-0.009763672066489416,8.26095226792248e-05,0.19303471111590886,-81.85459085561696,95.56794093790879,-14.190375656470366,0.0,-0.4770255741785405
0.611111111111111,0.38888888888888895,110.71248065566597,True,13.158516391911945,13.158516391911945,0.8344370998560666,0.8344370998560666,0.8344370998560666,-0.01958637233224414,2.1684558679482504,0.0,0.0,-0.009745174207856677,0.0010842279339741251,0.19411893904988298,-79.69696438981053,92.38260127618479,-13.158516391911945,0.0,-0.47287950553769065
0.615079365079365,0.384920634920635,111.90780477088644,True,14.142453177902013,14.142453177902013,0.8558346941397257,0.8558346941397257,0.8558346941397257,0.02139759428365906,-2.394557803662354,0.0,0.0,-0.009488298624398515,0.001197278901831177,0.19531621795171417,-82.10220777099912,95.77458186793973,-14.142453177902013,0.0,-0.4700790809613977
0.6190476190476191,0.38095238095238093,109.91892700956438,True,12.446803295367772,12.446803295367772,0.8213262771154831,0.8213262771154831,0.8213262771154831,-0.034508417024242566,3.7931281721033274,0.0,0.0,-0.009774654166793465,0.001896564086051664,0.19721278203776582,-78.32075081714864,90.27930310529403,-12.446803295367772,0.0,-0.4882510072223738
0.623015873015873,0.376984126984127,109.29713769761233,True,11.911627724256249,11.911627724256249,0.8098790096088695,0.8098790096088695,0.8098790096088695,-0.011447267506613623,1.2511535729317524,0.0,0.0,-0.009324453922804888,0.0006255767864658763,0.1978383588242317,-77.07954727492616,88.51745763162651,-11.911627724256249,0.0,-0.4737173675558921
0.626984126984127,0.373015873015873,106.24272100496115,True,9.508928118983377,9.508928118983377,0.7416496010317781,0.7416496010317781,0.7416496010317781,-0.06822940857709137,7.248878019789422,0.0,0.0,-0.009176682800624307,0.0036244390098947106,0.2014627978341264,-69.84347037694725,78.79487164585996,-9.508928118983377,0.0,-0.5575268500706727
0.6309523809523809,0.36904761904761907,106.91405683979258,True,9.982167995896603,9.982167995896603,0.7587001881572502,0.7587001881572502,0.7587001881572502,0.017050587125472028,-1.8229474410845519,0.0,0.0,-0.008315193796584986,0.0009114737205422759,0.2023742715546687,-71.67564448554894,81.11571504100557,-9.982167995896603,0.0,-0.5420974404399743
0.6349206349206349,0.3650793650793651,107.92331587243487,True,10.73028912649383,10.73028912649383,0.7829049372400765,0.7829049372400765,0.7829049372400765,0.024204749082826327,-2.612256780878894,0.0,0.0,-0.008533322745502976,0.001306128390439447,0.20368039994510814,-74.29774071756378,84.49369683984958,-10.73028912649383,0.0,-0.5343330042080368
0.6388888888888888,0.36111111111111116,108.77572212303805,True,11.376700980496352,11.376700980496352,0.802375042164275,0.802375042164275,0.802375042164275,0.01947010492419854,-2.117874722941015,0.0,0.0,-0.008845495640189136,0.0010589373614705076,0.20473933730657864,-76.42551987350646,87.27892462492211,-11.376700980496352,0.0,-0.5232962290806995
0.6428571428571428,0.3571428571428572,112.85369952172026,True,14.782711703899253,14.782711703899253,0.8772015061961231,0.8772015061961231,0.8772015061961231,0.07482646403184812,-8.444443288122995,0.0,0.0,-0.009098817760961605,0.0042222216440614985,0.20896155895064014,-84.88328420103447,98.99543520025772,-14.782711703899253,0.0,-0.6705607046760065
0.6468253968253967,0.35317460317460325,114.20238966420743,True,15.9549655367139,15.9549655367139,0.8972251086646787,0.8972251086646787,0.8972251086646787,0.020023602468555612,-2.286743251595174,0.0,0.0,-0.010105754402134742,0.001143371625797587,0.21010493057643773,-87.18127657865757,102.4652514762345,-15.9549655367139,0.0,-0.6709906391369742
0.6507936507936507,0.3492063492063493,112.85952882326636,True,14.737284800116598,14.737284800116598,0.8792629425240972,0.8792629425240972,0.8792629425240972,-0.017962166140581548,2.0272016072712624,0.0,0.0,-0.010379341207885993,0.0010136008036356313,0.21111853138007336,-85.16546791339783,99.23320140502834,-14.737284800116598,0.0,-0.669551308486092
0.6547619047619048,0.34523809523809523,116.71570108725977,True,18.20509472777252,18.20509472777252,0.928161366139558,0.928161366139558,0.928161366139558,0.04889842361546082,-5.707213794340329,0.0,0.0,-0.010139349700906087,0.0028536068971701644,0.2139721382772435,-90.88567466433624,108.33100457108733,-18.20509472777252,0.0,-0.7597648210214203
0.6587301587301587,0.3412698412698413,115.37478605720861,True,16.947176600307913,16.947176600307913,0.9146738977507838,0.9146738977507838,0.9146738977507838,-0.013487468388774237,1.5561137798081919,0.0,0.0,-0.010820367231018478,0.0007780568899040959,0.2147501951671476,-89.34115930864897,105.53030526510979,-16.947176600307913,0.0,-0.7580306438470927
0.6626984126984127,0.3373015873015873,116.53162471572307,True,17.991076767177688,17.991076767177688,0.9281747702129587,0.9281747702129587,0.9281747702129587,0.013500872462174907,-1.5732786030970063,0.0,0.0,-0.01063648541021222,0.0007866393015485032,0.21553683446869612,-90.92586103645775,108.161713993059,-17.991076767177688,0.0,-0.7552238105764388
0.6666666666666666,0.33333333333333337,117.6324465598969,True,18.998098382793188,18.998098382793188,0.9395152497132786,0.9395152497132786,0.9395152497132786,0.011340479500319911,-1.3340083487849883,0.0,0.0,-0.010825151607716379,0.0006670041743924942,0.21620383864308862,-92.27136154102485,110.51747740410543,-18.998098382793188,0.0,-0.7519825197125982
0.6706349206349206,0.3293650793650794,116.34048622644238,True,17.770272005491734,17.770272005491734,0.9281411406188877,0.9281411406188877,0.9281411406188877,-0.01137410909439085,1.3232693824340316,0.0,0.0,-0.010985339774033084,0.0006616346912170158,0.21686547333430564,-90.95973913305608,107.98039158636622,-17.770272005491734,0.0,-0.7496195521815849
0.6746031746031745,0.32539682539682546,118.40850358358999,True,19.690074823745974,19.690074823745974,0.9477771963594273,0.9477771963594273,0.9477771963594273,0.019636055740539504,-2.3250759765212448,0.0,0.0,-0.010829184954529678,0.0011625379882606224,0.21802801132256627,-93.2968068325201,112.22487955157011,-19.690074823745974,0.0,-0.7620021046959664
0.6785714285714285,0.3214285714285715,118.9433922021996,True,20.178808102864494,20.178808102864494,0.9527047415258358,0.9527047415258358,0.9527047415258358,0.004927545166408587,-0.5860989373221894,0.0,0.0,-0.011107423861214884,0.0002930494686610947,0.21832106079122737,-93.89430624317217,113.31793372420269,-20.178808102864494,0.0,-0.755180621833972
0.6825396825396826,0.31746031746031744,119.80683271348104,True,20.985471785788206,20.985471785788206,0.9594645461595938,0.9594645461595938,0.9594645461595938,0.006759804633757915,-0.8098707829324485,0.0,0.0,-0.011178558977584432,0.0004049353914662243,0.2187259961826936,-94.71576052047367,114.95040837625847,-20.985471785788206,0.0,-0.7508239300034063
0.6865079365079365,0.3134920634920635,118.7959084172643,True,19.999633475119268,19.999633475119268,0.9533331861226692,0.9533331861226692,0.9533331861226692,-0.006131360036924605,0.7283804854197696,0.0,0.0,-0.011276356974647449,0.0003641902427098848,0.21909018642540348,-93.99902058227126,113.25208186976738,-19.999633475119268,0.0,-0.7465721876231441
0.6904761904761905,0.30952380952380953,120.76642230535096,True,21.873527000495102,21.873527000495102,0.9667367269125005,0.9667367269125005,0.9667367269125005,0.013403540789831303,-1.6186976674117646,0.0,0.0,-0.011191025712387141,0.0008093488337058823,0.21989953525910935,-95.62971862422911,116.74933582040777,-21.873527000495102,0.0,-0.75390980431645
0.6944444444444444,0.3055555555555556,119.46831258727906,True,20.60488229343771,20.60488229343771,0.9596975240899679,0.9596975240899679,0.9596975240899679,-0.007039202822532564,0.8409616831675775,0.0,0.0,-0.011385167987526246,0.0004204808415837887,0.22032001610069313,-94.80056258989065,114.65344379721806,-20.60488229343771,0.0,-0.7520010861102975
0.6984126984126984,0.3015873015873016,116.82482042404267,True,18.072891985689992,18.072891985689992,0.9398021762086547,0.9398021762086547,0.9398021762086547,-0.019895347881313197,2.324270443508272,0.0,0.0,-0.011286453060047387,0.001162135221754136,0.22148215132244725,-92.48874073466418,109.7922204697006,-18.072891985689992,0.0,-0.7694122506535734
0.7023809523809523,0.29761904761904767,118.9460639505016,True,20.066573581521013,20.066573581521013,0.957874807759148,0.957874807759148,0.957874807759148,0.018072631550493323,-2.1496683881588314,0.0,0.0,-0.011011219789912895,0.001074834194079416,0.22255698551652667,-94.650495176807,113.93543814029404,-20.066573581521013,0.0,-0.7816306180339723
0.7063492063492063,0.2936507936507937,118.31298773872132,True,19.442110729739298,19.442110729739298,0.9542074998467269,0.9542074998467269,0.9542074998467269,-0.0036673079124210917,0.4338901560763923,0.0,0.0,-0.011268586828378082,0.00021694507803819615,0.22277393059456485,-94.22809055263703,112.89514022956173,-19.442110729739298,0.0,-0.7750610528145927
0.7103174603174602,0.28968253968253976,118.38235062830084,True,19.488957127610192,19.488957127610192,0.955642285654303,0.955642285654303,0.955642285654303,0.0014347858075760556,-0.1698533165489784,0.0,0.0,-0.011218297570247143,8.492665827448919e-05,0.22285885725283933,-94.40924709341454,113.13118013555852,-19.488957127610192,0.0,-0.767024085466204
0.7142857142857142,0.2857142857142858,121.2899292323909,True,22.277762190542262,22.277762190542262,0.9737558784209007,0.9737558784209007,0.9737558784209007,0.01811359276659774,-2.196996384804988,0.0,0.0,-0.011239865108858185,0.001098498192402494,0.2239573554452418,-96.6185818415208,118.10678158329569,-22.277762190542262,0.0,-0.78956244876737
0.7182539682539683,0.28174603174603174,123.04398788472535,True,23.97665500820797,23.97665500820797,0.9815150811566814,0.9815150811566814,0.9815150811566814,0.007759202735780679,-0.9547232474165257,0.0,0.0,-0.011502896806637285,0.00047736162370826287,0.22443471706895007,-97.58528534736766,120.76952975451793,-23.97665500820797,0.0,-0.7924106010576963
0.7222222222222222,0.2777777777777778,124.0336605287115,True,24.934528496388467,24.934528496388467,0.9851872724574389,0.9851872724574389,0.9851872724574389,0.003672191300757466,-0.455475329194639,0.0,0.0,-0.011617987407828373,0.0002277376645973195,0.2246624547335474,-98.05260640163473,122.19638370919317,-24.934528496388467,0.0,-0.7907511888300292
0.7261904761904762,0.27380952380952384,125.72189869706953,True,26.587195522896238,26.587195522896238,0.9897767687534132,0.9897767687534132,0.9897767687534132,0.004589496295974382,-0.5770001883930671,0.0,0.0,-0.01167362417831648,0.00028850009419653357,0.22495095482774394,-98.6415687143003,124.43661465392944,-26.587195522896238,0.0,-0.7921495832671042
0.7301587301587301,0.2698412698412699,124.57977191345964,True,25.443485178705544,25.443485178705544,0.9876250364754992,0.9876250364754992,0.9876250364754992,-0.002151732277914098,0.26806231640136724,0.0,0.0,-0.011743742912999452,0.00013403115820068362,0.22508498598594462,-98.38538417197013,123.03810178013994,-25.443485178705544,0.0,-0.7907675705357349
0.7341269841269841,0.2658730158730159,125.77240397227175,True,26.608875393365963,26.608875393365963,0.9906747183078216,0.9906747183078216,0.9906747183078216,0.0030496818323224595,-0.38356581540175827,0.0,0.0,-0.011713242937759563,0.00019178290770087913,0.2252767688936455,-98.78085501321735,124.59954087612786,-26.608875393365963,0.0,-0.79018953045545
0.738095238095238,0.261904761904762,127.54860806529803,True,28.357794154054858,28.357794154054858,0.9938821066374176,0.9938821066374176,0.9938821066374176,0.003207388329595995,-0.4090979169648505,0.0,0.0,-0.011760325602296727,0.00020454895848242522,0.22548131785212794,-99.20191780474298,126.76827928260872,-28.357794154054858,0.0,-0.7914326761891175
0.742063492063492,0.257936507936508,128.77344757348536,True,29.562982404438927,29.562982404438927,0.9955595334057535,0.9955595334057535,0.9955595334057535,0.0016774267683359323,-0.21600802801066815,0.0,0.0,-0.011810455108937369,0.00010800401400533407,0.22558932186613329,-99.42984429187659,128.20163338130934,-29.562982404438927,0.0,-0.7911933150061827
0.746031746031746,0.25396825396825395,128.44778354256542,True,29.225712232911036,29.225712232911036,0.9954712370517935,0.9954712370517935,0.9954712370517935,-8.829635396001567e-05,0.011341470961053831,0.0,0.0,-0.011837590829737926,5.670735480526916e-06,0.2255949926016138,-99.43034608248077,127.8660739796786,-29.225712232911036,0.0,-0.7899843357131999
0.75,0.25,122.5291760833571,True,23.34630598108052,23.34630598108052,0.9844889799029748,0.9844889799029748,0.9844889799029748,-0.01098225714881873,1.3456469199803176,0.0,0.0,-0.011837650570270527,0.0006728234599901588,0.22626781606160395,-98.0972096365307,120.6286235706562,-23.34630598108052,0.0,-0.8148920469550234
0.753968253968254,0.24603174603174605,123.39742053125829,True,24.18737157175559,24.18737157175559,0.9875609790114704,0.9875609790114704,0.9875609790114704,0.003071999108495649,-0.3790767658626881,0.0,0.0,-0.011678934403311214,0.00018953838293134408,0.2264573544445353,-98.48815487517963,121.86247742733956,-24.18737157175559,0.0,-0.8130490195956668
0.7579365079365079,0.2420634920634921,123.58104771632003,True,24.3540830066936,24.3540830066936,0.9885380157819139,0.9885380157819139,0.9885380157819139,0.0009770367704434735,-0.12074322774877412,0.0,0.0,-0.011725478273563844,6.037161387438706e-05,0.2265177260584097,-98.62068395281584,122.16456369774103,-24.3540830066936,0.0,-0.8102032617684074
0.7619047619047619,0.23809523809523814,123.01188076769367,True,23.77696446483489,23.77696446483489,0.9875915577828951,0.9875915577828951,0.9875915577828951,-0.0009464579990188238,0.11642557852693348,0.0,0.0,-0.011741256483871552,5.821278926346674e-05,0.22657593884767316,-98.51605784356204,121.48549495317035,-23.77696446483489,0.0,-0.8075273552265827
0.7658730158730158,0.23412698412698418,124.22864091409099,True,24.96624632760036,24.96624632760036,0.9909322488126938,0.9909322488126938,0.9909322488126938,0.003340691029798726,-0.41500950634579076,0.0,0.0,-0.011728800253247091,0.00020750475317289537,0.22678344360084604,-98.94300365491425,123.1021665079448,-24.96624632760036,0.0,-0.8070834745698079
0.7698412698412698,0.23015873015873023,124.6501447873876,True,25.37014438650303,25.37014438650303,0.9921616449917016,0.9921616449917016,0.9921616449917016,0.0012293961790077468,-0.15324441171437672,0.0,0.0,-0.011779630161080617,7.662220585718836e-05,0.22686006580670323,-99.10810431899557,123.67309270070825,-25.37014438650303,0.0,-0.8051560047903479
0.7738095238095237,0.22619047619047628,124.97581703574747,True,25.679598513889957,25.679598513889957,0.9931072788529961,0.9931072788529961,0.9931072788529961,0.000945633861294537,-0.11818136443195346,0.0,0.0,-0.011799286172020106,5.909068221597673e-05,0.22691915648891922,-99.23814406028177,124.11439357880109,-25.679598513889957,0.0,-0.8033489953706408
0.7777777777777777,0.22222222222222232,122.66639662164695,True,23.37647609016544,23.37647609016544,0.9888365897255964,0.9888365897255964,0.9888365897255964,-0.004270689127399696,0.5238700463493664,0.0,0.0,-0.011814768015121782,0.00026193502317468323,0.2271810915120939,-98.7263507169707,121.29702130927679,-23.37647609016544,0.0,-0.8058054978593532
0.7817460317460317,0.21825396825396826,120.43647007221668,True,21.162761566748728,21.162761566748728,0.9824396752865558,0.9824396752865558,0.9824396752865558,-0.0063969144390405575,0.7704217943920388,0.0,0.0,-0.011753836609358784,0.00038521089719601944,0.2275663024092899,-97.96806797008522,118.32156655040755,-21.162761566748728,0.0,-0.8092629864263898
0.7857142857142857,0.2142857142857143,121.00482154314425,True,21.706186429380438,21.706186429380438,0.985188430151519,0.985188430151519,0.985188430151519,0.0027487548649631766,-0.33261259190071873,0.0,0.0,-0.011663559480245212,0.00016630629595035937,0.22773260870524026,-98.31251042776212,119.21255017685499,-21.706186429380438,0.0,-0.8061466802875685
0.7896825396825397,0.21031746031746035,121.12563398773044,True,21.809872755057,21.809872755057,0.9862460412608893,0.9862460412608893,0.9862460412608893,0.0010576111093703044,-0.12810381613494504,0.0,0.0,-0.011704566975604446,6.405190806747252e-05,0.22779666061330772,-98.45238286278074,119.45967701561457,-21.809872755057,0.0,-0.8025786022231642
0.7936507936507936,0.2063492063492064,121.34235830584458,True,22.008572521155315,22.008572521155315,0.9875457884987326,0.9875457884987326,0.9875457884987326,0.0012997472378433184,-0.15771439504141574,0.0,0.0,-0.011721219447162675,7.885719752070787e-05,0.22787551781082843,-98.62189733446684,119.83113491144103,-22.008572521155315,0.0,-0.7993349441811262
0.7976190476190476,0.20238095238095244,121.60162785052732,True,22.249855272784117,22.249855272784117,0.9888792747534397,0.9888792747534397,0.9888792747534397,0.0013334862547070836,-0.16215409928868427,0.0,0.0,-0.011741400942666668,8.107704964434213e-05,0.22795659486047276,-98.79587391174783,120.24932955766714,-22.249855272784117,0.0,-0.7963996268648117
0.8015873015873015,0.19841269841269848,122.23848143309026,True,22.865747615617295,22.865747615617295,0.9909940882224141,0.9909940882224141,0.9909940882224141,0.0021148134689743525,-0.2585115869616706,0.0,0.0,-0.011762113672838156,0.00012925579348083529,0.2280858506539536,-99.06627686817583,121.13761245347777,-22.865747615617295,0.0,-0.7944120303153568
0.8055555555555555,0.19444444444444453,122.29889037827049,True,22.911349409613265,22.911349409613265,0.9916385012023712,0.9916385012023712,0.9916385012023712,0.0006444129799570986,-0.07881099239410781,0.0,0.0,-0.01179430641718109,3.940549619705391e-05,0.22812525615015064,-99.15692157248333,121.27628835342124,-22.911349409613265,0.0,-0.7919826286753562
0.8095238095238095,0.19047619047619047,122.54709171004441,True,23.14349170076224,23.14349170076224,0.9926256504003744,0.9926256504003744,0.9926256504003744,0.0009871491980032454,-0.12097226329920051,0.0,0.0,-0.01180509809575724,6.0486131649600255e-05,0.22818574228180025,-99.28975942000994,121.64338661335717,-23.14349170076224,0.0,-0.7898645074150181
0.8134920634920635,0.1865079365079365,122.9480364655722,True,23.527856702335114,23.527856702335114,0.9937871246954144,0.9937871246954144,0.9937871246954144,0.0011614742950399881,-0.14280098398040122,0.0,0.0,-0.011820913066573319,7.140049199020061e-05,0.22825714277379044,-99.44445271754891,122.18417564606796,-23.527856702335114,0.0,-0.788133773816071
0.8174603174603174,0.18253968253968256,124.40108977339588,True,24.960284449429935,24.960284449429935,0.9961163265842673,0.9961163265842673,0.9961163265842673,0.002329201888852883,-0.2897552532755508,0.0,0.0,-0.011839330031554112,0.00014487762663777538,0.22840202040042823,-99.74619217848264,123.91795656815476,-24.960284449429935,0.0,-0.7885200597578148
0.8214285714285714,0.1785714285714286,123.60192922006237,True,24.15125975066792,24.15125975066792,0.995510217728806,0.995510217728806,0.995510217728806,-0.000606108855461307,0.07491622385238149,0.0,0.0,-0.011875253534212267,3.745811192619074e-05,0.2284394785123544,-99.68318866627641,123.04698346956476,-24.15125975066792,0.0,-0.7874649473795614
0.8253968253968254,0.17460317460317465,124.83757559611823,True,25.36933955918613,25.36933955918613,0.9971011617991632,0.9971011617991632,0.9971011617991632,0.001590944070357203,-0.19860960065241337,0.0,0.0,-0.011867752669621305,9.93048003262067e-05,0.22853878331268063,-99.89376532439876,124.47569166308035,-25.36933955918613,0.0,-0.7874132205045328
0.8293650793650793,0.1706349206349207,125.84749999496476,True,26.364141843538974,26.364141843538974,0.9980493460040972,0.9980493460040972,0.9980493460040972,0.0009481842049340328,-0.11932661172566136,0.0,0.0,-0.01189282281163851,5.966330586283068e-05,0.22859844661854345,-100.02504442224192,125.6020150662252,-26.364141843538974,0.0,-0.7871711995556865
0.8333333333333333,0.16666666666666674,126.01972967609095,True,26.523539489222003,26.523539489222003,0.9983296187150513,0.9983296187150513,0.9983296187150513,0.0002802727109540992,-0.035319891270020755,0.0,0.0,-0.011908452205970081,1.765994563501038e-05,0.22861610656417847,-100.07229042566355,125.80922867810571,-26.523539489222003,0.0,-0.7866012367798447
0.8373015873015872,0.1626984126984128,125.27261921308077,True,25.765240814599593,25.765240814599593,0.998097626947979,0.998097626947979,0.998097626947979,-0.00023199176707233704,0.02906221629702261,0.0,0.0,-0.011914077064993334,1.4531108148511304e-05,0.22863063767232697,-100.05515681753967,125.03430395813372,-25.765240814599593,0.0,-0.7860936740055422
0.8412698412698412,0.15873015873015883,125.86157911880956,True,26.340748134239476,26.340748134239476,0.9985878309277948,0.9985878309277948,0.9985878309277948,0.0004902039798158064,-0.06169784698994245,0.0,0.0,-0.011912037228324051,3.084892349497122e-05,0.22866148659582194,-100.12879755068143,125.68384128939907,-26.340748134239476,0.0,-0.785704395521833
0.8452380952380952,0.15476190476190477,127.24411973706297,True,27.709518411196612,27.709518411196612,0.9992128004397014,0.9992128004397014,0.9992128004397014,0.0006249695119066034,-0.07952369540505765,0.0,0.0,-0.011920804504120794,3.9761847702528826e-05,0.22870124844352446,-100.2202818124383,127.14395322195537,-27.709518411196612,0.0,-0.7858470016795422
0.8492063492063492,0.1507936507936508,125.53739501805956,True,25.992229662693077,25.992229662693077,0.9987588768762251,0.9987588768762251,0.9987588768762251,-0.00045392356347628837,0.056984381696128045,0.0,0.0,-0.011931696135961829,2.849219084806402e-05,0.2287297406343725,-100.17525761906899,125.38158765420418,-25.992229662693077,0.0,-0.7858996275578818
0.8531746031746031,0.14682539682539686,125.64071007880884,True,26.083099128771536,26.083099128771536,0.9989448560619366,0.9989448560619366,0.9989448560619366,0.0001859791857115045,-0.023366556952672087,0.0,0.0,-0.011926335793880026,1.1683278476336042e-05,0.22874142391284885,-100.21056219509401,125.5081410451952,-26.083099128771536,0.0,-0.7855202786703472
0.8571428571428571,0.1428571428571429,125.74822679058855,True,26.178244283477028,26.178244283477028,0.9991120369378728,0.9991120369378728,0.9991120369378728,0.00016718087593614595,-0.021022698702267726,0.0,0.0,-0.011930538969781366,1.0511349351133864e-05,0.22875193526219997,-100.2435259441154,125.63656701007051,-26.178244283477028,0.0,-0.785203217521925
0.861111111111111,0.13888888888888895,124.70999882691738,True,25.12876965013173,25.12876965013173,0.9988776655807654,0.9988776655807654,0.9988776655807654,-0.00023437135710735468,0.02922845166992124,0.0,0.0,-0.01193446345921317,1.4614225834960618e-05,0.22876654948803493,-100.22624657013053,124.57003250281123,-25.12876965013173,0.0,-0.784983717451027
0.865079365079365,0.134920634920635,123.7456713057493,True,24.15325954161618,24.15325954161618,0.9986143858784565,0.9986143858784565,0.9986143858784565,-0.00026327970230888287,0.03257972350339054,0.0,0.0,-0.011932406268432234,1.6289861751695274e-05,0.22878283934978663,-100.20561554275731,123.57420755610818,-24.15325954161618,0.0,-0.7846675282653166
0.869047619047619,0.13095238095238104,121.35564972014083,True,21.755410703450764,21.755410703450764,0.9971522821602861,0.9971522821602861,0.9971522821602861,-0.00146210371817046,0.17743454667680986,0.0,0.0,-0.011929950047544225,8.871727333840493e-05,0.22887155662312503,-100.04019966340138,121.0100630714827,-21.755410703450764,0.0,-0.7855472953694402
0.873015873015873,0.12698412698412698,119.68545243844682,True,20.078013364550642,20.078013364550642,0.9954788769449601,0.9954788769449601,0.9954788769449601,-0.001673405215325996,0.20028226030914834,0.0,0.0,-0.01191025650874305,0.00010014113015457417,0.2289716977532796,-99.85192780073113,119.14433978007447,-20.078013364550642,0.0,-0.7856013852073005
0.876984126984127,0.12301587301587302,117.39406704859276,True,17.787204331372905,17.787204331372905,0.991197455925153,0.991197455925153,0.991197455925153,-0.004281421019807108,0.5026134262624901,0.0,0.0,-0.011887841857579556,0.00025130671313124505,0.22922300446641086,-99.36145352303936,116.36070059927198,-17.787204331372905,0.0,-0.7879572551402845
0.8809523809523809,0.11904761904761907,116.49029595603864,True,16.87704779013127,16.87704779013127,0.9892245075713066,0.9892245075713066,0.9892245075713066,-0.0019729483538463155,0.22982933764553654,0.0,0.0,-0.011829448586895325,0.00011491466882276828,0.22933791913523363,-99.14356854864954,115.2350556539481,-16.87704779013127,0.0,-0.785560684832717
0.8849206349206349,0.11507936507936511,115.67592036933088,True,16.056427755740785,16.056427755740785,0.9871644565499851,0.9871644565499851,0.9871644565499851,-0.002060051021321563,0.23829829789915186,0.0,0.0,-0.01180350835543722,0.00011914914894957593,0.22945706828418322,-98.91719290825478,114.19115706730987,-16.056427755740785,0.0,-0.7824635966856874
0.8888888888888888,0.11111111111111116,114.89430524322523,True,15.269213947134517,15.269213947134517,0.9848432547993657,0.9848432547993657,0.9848432547993657,-0.0023212017506193394,0.26669286246676716,0.0,0.0,-0.011776557270238427,0.0001333464312333836,0.2295904147154166,-98.66240994948949,113.15288153364978,-15.269213947134517,0.0,-0.7787423629742278
0.8928571428571428,0.1071428571428572,115.43840356571478,True,15.78972355946695,15.78972355946695,0.9885426047735612,0.9885426047735612,0.9885426047735612,0.0036993499741954095,-0.4270470552519862,0.0,0.0,-0.011746224160117084,0.0002135235276259931,0.2298039382430426,-99.10141675242922,114.11578015175324,-15.78972355946695,0.0,-0.7753601601429239
0.8968253968253967,0.10317460317460325,115.1705012499219,True,15.508952918400766,15.508952918400766,0.9886644179300599,0.9886644179300599,0.9886644179300599,0.00012181315649872904,-0.014029282292793804,0.0,0.0,-0.011798489985752059,7.014641146396902e-06,0.22981095288418898,-99.1272515393489,113.86497658096727,-15.508952918400766,0.0,-0.7712278767824046
0.9007936507936507,0.0992063492063493,114.122210394634,True,14.457803031987964,14.457803031987964,0.9852134120840985,0.9852134120840985,0.9852134120840985,-0.0034510058459613635,0.3938364152259146,0.0,0.0,-0.011801565738700349,0.00019691820761295732,0.23000787109180193,-98.7454136080693,112.43473229747673,-14.457803031987964,0.0,-0.7684843425805354
0.9047619047619047,0.09523809523809534,113.09347692335017,True,13.428748974763025,13.428748974763025,0.9808066148952493,0.9808066148952493,0.9808066148952493,-0.004406797188849176,0.4983800161829987,0.0,0.0,-0.011756106136244442,0.00024919000809149936,0.23025706109989344,-98.25903888803064,110.92283026792508,-13.428748974763025,0.0,-0.7649575948685907
0.9087301587301587,0.09126984126984128,111.49711316022956,True,11.851365969026475,11.851365969026475,0.9697185930772905,0.9697185930772905,0.9697185930772905,-0.01108802181795887,1.2362824233600544,0.0,0.0,-0.011698200937189268,0.0006181412116800272,0.23087520231157346,-97.03507280681946,108.12082370591726,-11.851365969026475,0.0,-0.7656150699286712
0.9126984126984127,0.08730158730158732,111.2263035364009,True,11.567153770192903,11.567153770192903,0.9695583674739686,0.9695583674739686,0.9695583674739686,-0.00016022560332185076,0.017821301589379137,0.0,0.0,-0.011552482015852895,8.91065079468957e-06,0.23088411296236816,-97.02881289789673,107.84039327691697,-11.567153770192903,0.0,-0.7555733911726605
0.9166666666666666,0.08333333333333337,110.93115054722662,True,11.259134167716681,11.259134167716681,0.9691879408426392,0.9691879408426392,0.9691879408426392,-0.00037042663132946796,0.041091852406711225,0.0,0.0,-0.011551736744239665,2.054592620335561e-05,0.2309046588885715,-96.99929332816046,107.51313337417137,-11.259134167716681,0.0,-0.7452941217057685
0.9206349206349206,0.07936507936507942,113.22724041366577,True,13.490618137687363,13.490618137687363,0.9885540153909876,0.9885540153909876,0.9885540153909876,0.01936607454834849,-2.192767178754828,0.0,0.0,-0.011548222300558329,0.001096383589377414,0.23200104247794892,-99.20470511280523,111.93124316257001,-13.490618137687363,0.0,-0.7640800879225793
0.9246031746031745,0.07539682539682546,115.44162060505975,True,15.674763372520673,15.674763372520673,0.9963561960006639,0.9963561960006639,0.9963561960006639,0.007802180609676301,-0.9006963738344054,0.0,0.0,-0.011810786951077847,0.00045034818691720274,0.23245139066486611,-100.11766262177763,115.0209739662092,-15.674763372520673,0.0,-0.7714520280891008
0.9285714285714285,0.07142857142857151,117.61592587640457,True,17.831671768559858,17.831671768559858,0.9990399312447322,0.9990399312447322,0.9990399312447322,0.002683735244068286,-0.3156500055382301,0.0,0.0,-0.011919478838439426,0.00015782500276911502,0.23260921566763523,-100.44538993115707,117.50300650084874,-17.831671768559858,0.0,-0.774055198868183
0.9325396825396824,0.06746031746031755,120.74249349209131,True,20.944838847886743,20.944838847886743,0.9998894014494405,0.9998894014494405,0.9998894014494405,0.0008494702047082692,-0.10256715066371366,0.0,0.0,-0.011958496316740775,5.128357533185683e-05,0.23266049924296708,-100.55996686171285,120.72913954732014,-20.944838847886743,0.0,-0.7756661622794496
0.9365079365079365,0.06349206349206349,118.90991500210473,True,19.100564976532667,19.100564976532667,0.9997671489267826,0.9997671489267826,0.9997671489267826,-0.0001222525226578508,0.01453703707803792,0.0,0.0,-0.011972137239464794,7.26851853901896e-06,0.2326677677615061,-100.55740923039282,118.8822267007803,-19.100564976532667,0.0,-0.7757475061451942
0.9404761904761905,0.059523809523809534,119.92717416437475,True,20.10569358530465,20.10569358530465,0.999923155794582,0.999923155794582,0.999923155794582,0.00015600686779937423,-0.01870946280541414,0.0,0.0,-0.01197183274142122,9.35473140270707e-06,0.2326771224929088,-100.58809988067107,119.91795845596806,-20.10569358530465,0.0,-0.7758350100076541
0.9444444444444444,0.05555555555555558,121.08741545702564,True,21.253967583811757,21.253967583811757,0.9999808841184517,0.9999808841184517,0.9999808841184517,5.772832386963245e-05,-0.006990173536039914,0.0,0.0,-0.011975486607751593,3.495086768019957e-06,0.23268061757967684,-100.60706903590163,121.08510076433477,-21.253967583811757,0.0,-0.77593585537862
0.9484126984126984,0.051587301587301626,121.82092830051874,True,21.975576747750978,21.975576747750978,0.9999946357710233,0.9999946357710233,0.9999946357710233,1.375165257166966e-05,-0.0016752390819470137,0.0,0.0,-0.011977744974941086,8.376195409735069e-07,0.23268145519921782,-100.62072285757806,121.82027482516519,-21.975576747750978,0.0,-0.7760247801638513
0.9523809523809523,0.04761904761904767,125.1340279358685,True,25.27678318978724,25.27678318978724,0.9999998959597932,0.9999998959597932,0.9999998959597932,5.260188769895535e-06,-0.0006582286084800497,0.0,0.0,-0.011979370526659676,3.2911430424002485e-07,0.23268178431352207,-100.6333607858275,125.13401491689837,-25.27678318978724,0.0,-0.7761290587163785
0.9563492063492063,0.04365079365079372,129.204870955565,True,29.33573763156346,29.33573763156346,0.999999999687979,0.999999999687979,0.999999999687979,1.0372818581849685e-07,-1.3402186863133755e-05,0.0,0.0,-0.011980875131485502,6.701093431566877e-09,0.2326817910146155,-100.64535506984694,129.20487091525038,-29.33573763156346,0.0,-0.776221786160022
0.9603174603174602,0.039682539682539764,130.81417880375196,True,30.933155589237046,30.933155589237046,0.9999999999944629,0.9999999999944629,0.9999999999944629,3.064838383082247e-10,-4.009243162491231e-08,0.0,0.0,-0.011982303107437076,2.0046215812456155e-11,0.23268179103466172,-100.65733741306686,130.81417880302763,-30.933155589237046,0.0,-0.7763141992762712
0.9642857142857142,0.03571428571428581,131.90030670101584,True,32.00739218069336,32.00739218069336,0.9999999999999164,0.9999999999999164,0.9999999999999164,5.4535265192612314e-12,-7.193218204926797e-10,0.0,0.0,-0.011983729661780282,3.596609102463399e-13,0.23268179103502137,-100.66932114344831,131.9003067010048,-32.00739218069336,0.0,-0.7764066231368645
0.9682539682539681,0.031746031746031855,130.05340590357113,True,30.148598661729196,30.148598661729196,0.9999999999999408,0.9999999999999408,0.9999999999999408,2.4424906541753444e-14,-3.1765422846314505e-12,0.0,0.0,-0.011985156381271598,1.5882711423157253e-15,0.23268179103502296,-100.68130629983277,130.05340590356343,-30.148598661729196,0.0,-0.7764990579985351
0.9722222222222222,0.02777777777777779,128.2356606024467,True,28.318959223200878,28.318959223200878,0.9999999999999687,0.9999999999999687,0.9999999999999687,2.786659791809143e-14,-3.57349159276922e-12,0.0,0.0,-0.011986583270535279,1.7867457963846103e-15,0.23268179103502473,-100.69329288310689,128.2356606024427,-28.318959223200878,0.0,-0.7765915038650775
0.9761904761904762,0.023809523809523836,129.37709191897042,True,29.448494986267676,29.448494986267676,1.0,1.0,1.0,3.1308289294429414e-14,-4.050575421871112e-12,0.0,0.0,-0.011988010329676889,2.025287710935556e-15,0.23268179103502676,-100.70528089344062,129.37709191897042,-29.448494986267676,0.0,-0.7766839607378699
0.9801587301587301,0.019841269841269882,129.25899871774945,True,29.3185048153682,29.3185048153682,1.0,1.0,1.0,0.0,-0.0,0.0,0.0,-0.01198943755871666,0.0,0.23268179103502676,-100.71727033099933,129.25899871774945,-29.3185048153682,0.0,-0.7767764286180778
0.9841269841269841,0.015873015873015928,127.11527186111395,True,27.162879572663968,27.162879572663968,1.0,1.0,1.0,0.0,-0.0,0.0,0.0,-0.011990864957674282,0.0,0.23268179103502676,-100.729261195957,127.11527186111395,-27.162879572663968,0.0,-0.7768689075070085
0.988095238095238,0.011904761904761973,126.92183841737233,True,26.95754632629476,26.95754632629476,1.0,1.0,1.0,0.0,-0.0,0.0,0.0,-0.011992292526570466,0.0,0.23268179103502676,-100.74125348848357,126.92183841737233,-26.95754632629476,0.0,-0.7769613974059979
0.992063492063492,0.00793650793650802,127.50388135389488,True,27.527688043462234,27.527688043462234,1.0,1.0,1.0,0.0,-0.0,0.0,0.0,-0.011993720265425445,0.0,0.23268179103502676,-100.75324720874899,127.50388135389488,-27.527688043462234,0.0,-0.7770538983163391
0.9960317460317459,0.003968253968254065,129.02137127261543,True,29.033275325931527,29.033275325931527,1.0,1.0,1.0,0.0,-0.0,0.0,0.0,-0.011995148174259453,0.0,0.23268179103502676,-100.76524235692325,129.02137127261543,-29.033275325931527,0.0,-0.7771464102393537
1.0,0.0,128.85156834369891,False,28.851568343698915,28.851568343698915,,0.0,0.0,-1.0,128.85156834369891,0.0,-28.851568343698915,-0.011996576253092727,0.06442578417184947,0.29710757520687625,-0.8416647173481948,0.0,0.0,0.0,-0.8416647173481948
