spot,rate,time_to_expiry,forward,strike,log_moneyness,implied_volatility,total_variance,call_price,put_price
100.0,0.03,0.0821917808219178,100.24687958947796,67.19749294134806,-0.4,0.27922023177362737,0.006407994890278207,32.96799575246257,3.560265054984403e-07
100.0,0.03,0.0821917808219178,100.24687958947796,70.64278207817111,-0.35000000000000003,0.2684702317736274,0.005924076603993304,29.531194579695807,3.551567142547383e-06
100.0,0.03,0.0821917808219178,100.24687958947796,74.26471496637149,-0.30000000000000004,0.2586202317736274,0.005497349941039295,25.918215031362877,3.7099534661888187e-05
100.0,0.03,0.0821917808219178,100.24687958947796,78.07234832475027,-0.25,0.2496702317736274,0.0051234431205942595,22.12030178811098,0.00038009525146504367
100.0,0.03,0.0821917808219178,100.24687958947796,82.07520322001105,-0.2,0.24162023177362743,0.004798383813891077,18.130470320620788,0.003545628418954422
100.0,0.03,0.0821917808219178,100.24687958947796,86.283288874386,-0.15000000000000002,0.2344702317736274,0.004518599144217416,13.957045773308181,0.027843415813954886
100.0,0.03,0.0821917808219178,100.24687958947796,90.70712769390498,-0.09999999999999998,0.2282202317736274,0.004280915686915744,9.68710987394742,0.17085167754338215
100.0,0.03,0.0821917808219178,100.24687958947796,95.3577815798915,-0.04999999999999999,0.22287023177362741,0.004082559469383321,5.649260607472883,0.7722030575442851
100.0,0.03,0.0821917808219178,100.24687958947796,100.24687958947796,0.0,0.2184202317736274,0.003921155971072201,2.497733930264552,2.4977339302645376
100.0,0.03,0.0821917808219178,100.24687958947796,105.38664701430577,0.04999999999999999,0.2148702317736274,0.003794730123489235,0.743538214293487,5.870647851895882
100.0,0.03,0.0821917808219178,100.24687958947796,110.78993595012224,0.09999999999999998,0.2122202317736274,0.0037017063101960654,0.13398542879285014,10.651077236357594
100.0,0.03,0.0821917808219178,100.24687958947796,116.4702574337145,0.15000000000000002,0.2104702317736274,0.0036409083668091317,0.013609924570807341,16.19703419739909
100.0,0.03,0.0821917808219178,100.24687958947796,122.44181522753881,0.20000000000000007,0.2096202317736274,0.0036115595809996658,0.000759441475985001,22.141035257492973
100.0,0.03,0.0821917808219178,100.24687958947796,128.71954133652528,0.25,0.20967023177362742,0.0036132826924936967,2.3766015231783434e-05,28.402565434789366
100.0,0.03,0.0821917808219178,100.24687958947796,135.3191333458679,0.30000000000000004,0.2106202317736274,0.0036460998930720433,4.441704271659688e-07,34.98588120177074
100.0,0.03,0.0821917808219178,100.24687958947796,142.2570936731639,0.35,0.2124702317736274,0.003710432826570324,5.465910844592535e-09,41.90675486479161
100.0,0.03,0.0821917808219178,100.24687958947796,149.55077083305378,0.4,0.21522023177362742,0.003807102588878951,5.0073142773917864e-11,49.18246976417707
100.0,0.03,0.2465753424657534,100.74246875910444,67.52969629634684,-0.4,0.2763919986926308,0.018836515958130552,32.97377385512313,0.0057784586870620325
100.0,0.03,0.2465753424657534,100.74246875910444,70.99201786340048,-0.35000000000000003,0.26564199869263083,0.017399754608897016,29.544826026823642,0.013634998695005729
100.0,0.03,0.2465753424657534,100.74246875910444,74.6318564532033,-0.30000000000000004,0.2557919986926308,0.016133312859083218,25.951462722899123,0.03328479107092319
100.0,0.03,0.2465753424657534,100.74246875910444,78.45831355813708,-0.25,0.24684199869263082,0.01502407536622342,22.202342957887666,0.08242126502816993
100.0,0.03,0.2465753424657534,100.74246875910444,82.48095731407663,-0.2,0.23879199869263082,0.014060125144016234,18.32932437472867,0.20239968252685347
100.0,0.03,0.2465753424657534,100.74246875910444,86.7098464257134,-0.15000000000000002,0.23164199869263083,0.013230743562324686,14.410313295845157,0.4811109383509482
100.0,0.03,0.2465753424657534,100.74246875910444,91.15555531855638,-0.09999999999999998,0.22539199869263082,0.012526410347176166,10.597271296206415,1.081013099802373
100.0,0.03,0.2465753424657534,100.74246875910444,95.82920058050408,-0.04999999999999999,0.22004199869263083,0.011938803580762459,7.1260420418128305,2.2489844918842437
100.0,0.03,0.2465753424657534,100.74246875910444,100.74246875910444,0.0,0.21559199869263082,0.011460799701439723,4.268842941326021,4.268842941326021
100.0,0.03,0.2465753424657534,100.74246875910444,105.90764558401108,0.04999999999999999,0.21204199869263082,0.011086473503728517,2.2187390787419297,7.345848716344349
100.0,0.03,0.2465753424657534,100.74246875910444,111.3376466877067,0.09999999999999998,0.2093919986926308,0.010811098138313761,0.9781528160978823,11.495244623662643
100.0,0.03,0.2465753424657534,100.74246875910444,117.04604990131182,0.15000000000000002,0.2076419986926308,0.010631145112044778,0.3604359146520588,16.543860187480362
100.0,0.03,0.2465753424657534,100.74246875910444,123.04712920623491,0.20000000000000007,0.20679199869263082,0.010544284287935267,0.11061415368416938,22.250889969701177
100.0,0.03,0.2465753424657534,100.74246875910444,129.35589042656085,0.25,0.20684199869263084,0.010549383885163304,0.028530900835300077,28.431072569609455
100.0,0.03,0.2465753424657534,100.74246875910444,135.98810875142746,0.30000000000000004,0.20779199869263082,0.010646510479071359,0.006320907984919105,34.99220166558521
100.0,0.03,0.2465753424657534,100.74246875910444,142.96036818121513,0.35,0.2096419986926308,0.010836929001166277,0.0012428270110081477,41.907997686336714
100.0,0.03,0.2465753424657534,100.74246875910444,150.2901029961861,0.4,0.2123919986926308,0.011123102739119298,0.00022593511706740094,49.18269569924411
100.0,0.03,0.4931506849315068,101.49045011679134,68.03108319446532,-0.4,0.27278223117838496,0.0366954142915025,33.072439876204015,0.10444447976793891
100.0,0.03,0.4931506849315068,101.49045011679134,71.51911141749406,-0.35000000000000003,0.2620322311783849,0.03386016501846044,29.700480343179635,0.1692893150509862
100.0,0.03,0.4931506849315068,101.49045011679134,75.18597467170801,-0.30000000000000004,0.25218223117838495,0.03136235065747811,26.200193765908082,0.2820158340798562
100.0,0.03,0.4931506849315068,101.49045011679134,79.04084202522645,-0.25,0.24323223117838494,0.029175740523623976,22.598383214414525,0.47846152155501454
100.0,0.03,0.4931506849315068,101.49045011679134,83.09335265434392,-0.2,0.23518223117838497,0.02727650064429533,18.944728855209803,0.8178041630079793
100.0,0.03,0.4931506849315068,101.49045011679134,87.35363994649174,-0.15000000000000002,0.22803223117838495,0.02564319375921817,15.320726896994444,1.3915245395002298
100.0,0.03,0.4931506849315068,101.49045011679134,91.83235683898484,-0.09999999999999998,0.22178223117838494,0.024256779320447296,11.844653204178144,2.3283950077741054
100.0,0.03,0.4931506849315068,101.49045011679134,96.54070245691385,-0.04999999999999999,0.21643223117838495,0.02310061349236629,8.664706160692113,3.7876486107635117
100.0,0.03,0.4931506849315068,101.49045011679134,101.49045011679134,0.0,0.21198223117838494,0.022160449151687456,5.933329765691418,5.933329765691411
100.0,0.03,0.4931506849315068,101.49045011679134,106.6939767659754,0.04999999999999999,0.20843223117838494,0.021424435887451906,3.7652062720799293,8.892315909682324
100.0,0.03,0.4931506849315068,101.49045011679134,112.16429393148499,0.09999999999999998,0.20578223117838493,0.020883120001029494,2.1969612939538052,12.714053101518559
100.0,0.03,0.4931506849315068,101.49045011679134,117.91508025559484,0.15000000000000002,0.20403223117838493,0.02052944450611886,1.1739258396702485,17.357350112498537
100.0,0.03,0.4931506849315068,101.49045011679134,123.96071569956607,0.20000000000000007,0.20318223117838494,0.020358749128747394,0.5750251784214289,22.715300994438422
100.0,0.03,0.4931506849315068,101.49045011679134,130.31631750103944,0.25,0.20323223117838496,0.020368770307271262,0.2599702575608491,28.662511926335
100.0,0.03,0.4931506849315068,101.49045011679134,136.9977779750038,0.30000000000000004,0.20418223117838494,0.02055964119237539,0.10986014814262912,35.09574090574297
100.0,0.03,0.4931506849315068,101.49045011679134,144.02180425286133,0.35,0.20603223117838493,0.02093389164707348,0.04417172570253258,41.95092658502823
100.0,0.03,0.4931506849315068,101.49045011679134,151.40596005895867,0.4,0.20878223117838496,0.021496448246708013,0.017266115830741058,49.199735879957785
100.0,0.03,1.0,103.0454533953517,69.07343306373548,-0.4,0.2669370563888011,0.07125539207351798,33.60659168469575,0.6385962882596949
100.0,0.03,1.0,103.0454533953517,72.61490370736911,-0.35000000000000003,0.25618705638880107,0.06563180786115874,30.37548124751013,0.8442902193814792
100.0,0.03,1.0,103.0454533953517,76.33794943368532,-0.30000000000000004,0.24633705638880107,0.06068194535029936,27.058931357004774,1.1407534251765554
100.0,0.03,1.0,103.0454533953517,80.25187979624786,-0.25,0.2373870563888011,0.05635261454093983,23.688607828556158,1.5686861356966517
100.0,0.03,1.0,103.0454533953517,84.36648165963838,-0.2,0.2293370563888011,0.05259548543308014,20.31108470280674,2.184160010604945
100.0,0.03,1.0,103.0454533953517,88.69204367171577,-0.15000000000000002,0.2221870563888011,0.049367088026720275,16.990009462627903,3.0608071051337014
100.0,0.03,1.0,103.0454533953517,93.23938199059484,-0.09999999999999998,0.2159370563888011,0.04662881232186026,13.805447725221427,4.2891895288173885
100.0,0.03,1.0,103.0454533953517,98.01986733067554,-0.04999999999999999,0.2105870563888011,0.04434690831850009,10.84837021690172,5.971312666973127
100.0,0.03,1.0,103.0454533953517,103.0454533953517,0.0,0.2061370563888011,0.04249248601663976,8.209141717251427,8.209141717251441
100.0,0.03,1.0,103.0454533953517,108.32870676749587,0.04999999999999999,0.2025870563888011,0.041041515416279276,5.961374944288764,11.08848458189118
100.0,0.03,1.0,103.0454533953517,113.88283833246219,0.09999999999999998,0.19993705638880108,0.03997482651741862,4.145850908388908,14.66294271595369
100.0,0.03,1.0,103.0454533953517,119.72173631218102,0.15000000000000002,0.19818705638880108,0.03927810932005782,2.7610946508180696,18.944518923646385
100.0,0.03,1.0,103.0454533953517,125.8600009929478,0.20000000000000007,0.19733705638880109,0.03894191382419686,1.7653367114210816,23.905612527438066
100.0,0.03,1.0,103.0454533953517,132.3129812337437,0.25,0.1973870563888011,0.038961650029835745,1.0892817366481413,29.49182340542228
100.0,0.03,1.0,103.0454533953517,139.09681284637804,0.30000000000000004,0.1983370563888011,0.039337587936974464,0.6538688007048519,35.63974955830517
100.0,0.03,1.0,103.0454533953517,146.22845894342245,0.35,0.20018705638880108,0.040074857545613025,0.385798906817441,42.292553766143186
100.0,0.03,1.0,103.0454533953517,153.72575235482816,0.4,0.2029370563888011,0.04118344885575144,0.22643656956547709,49.4089063336925
100.0,0.03,2.0,106.18365465453596,71.17703227626097,-0.4,0.25882775422663784,0.1339836127160097,35.03124637988911,2.0632509834530417
100.0,0.03,2.0,106.18365465453596,74.82635675785652,-0.35000000000000003,0.24807775422663783,0.12308514428426424,31.97214033938735,2.440949311258697
100.0,0.03,2.0,106.18365465453596,78.66278610665533,-0.30000000000000004,0.2382277542266378,0.11350492576773469,28.856159686680414,2.9379817548521903
100.0,0.03,2.0,106.18365465453596,82.69591339433623,-0.25,0.22927775422663782,0.10513657716642108,25.711240301685457,3.591318608825926
100.0,0.03,2.0,106.18365465453596,86.93582353988057,-0.2,0.22122775422663785,0.09788343848032335,22.57435111520021,4.447426422998383
100.0,0.03,2.0,106.18365465453596,91.39311852712281,-0.15000000000000002,0.21407775422663783,0.0916585697094415,19.491829764249765,5.562627406755539
100.0,0.03,2.0,106.18365465453596,96.07894391523232,-0.09999999999999998,0.20782775422663782,0.08638475085377555,16.51826153370076,7.002003337296706
100.0,0.03,2.0,106.18365465453596,101.0050167084168,-0.04999999999999999,0.20247775422663783,0.0819944819133255,13.713288730719256,8.836231180790662
100.0,0.03,2.0,106.18365465453596,106.18365465453596,0.0,0.19802775422663782,0.07842998288809135,11.136115896483716,11.136115896483716
100.0,0.03,2.0,106.18365465453596,111.62780704588714,0.04999999999999999,0.19447775422663782,0.07564319377807309,8.838248405983656,13.965358043586065
100.0,0.03,2.0,106.18365465453596,117.351087099181,0.09999999999999998,0.1918277542266378,0.07359577458327073,6.855961871287306,17.373053678852045
100.0,0.03,2.0,106.18365465453596,123.36780599567432,0.15000000000000002,0.1900777542266378,0.07225910530368425,5.204646025727392,21.388070298555704
100.0,0.03,2.0,106.18365465453596,129.69300866657719,0.20000000000000007,0.18922775422663782,0.0716142859393137,3.876952490180525,26.017228306197524
100.0,0.03,2.0,106.18365465453596,136.34251141321775,0.25,0.18927775422663784,0.07165213649015904,2.8454672513171246,31.24800892009125
100.0,0.03,2.0,106.18365465453596,143.33294145603404,0.30000000000000004,0.19022775422663782,0.07237319695622024,2.068968687176138,37.05484944477645
100.0,0.03,2.0,106.18365465453596,150.68177851128533,0.35,0.1920777542266378,0.07378772733749736,1.500138702193352,43.40689356151907
100.0,0.03,2.0,106.18365465453596,158.40739849944816,0.4,0.19482775422663784,0.0759157076339904,1.0924759353046767,50.27494569943171
